"CONCEPT_NAME","STITCH_ID","CONCEPT_ID","CONCEPT_LEVEL","CONCEPT_CLASS","VOCABULARY_ID","CONCEPT_CODE","VALID_START_DATE","VALID_END_DATE","INVALID_REASON"
"3-isobutyl gaba","CID000125889",734354,2,"Ingredient",8,187832,"0000-00-00",NULL,""
"6-aminocaproic acid","CID000000564",1369939,2,"Ingredient",8,99,"0000-00-00",NULL,""
"6-mercaptopurine","CID005473386",1436650,2,"Ingredient",8,103,"0000-00-00",NULL,""
"abacavir","CID000001971",1736971,2,"Ingredient",8,190521,"0000-00-00",NULL,""
"abiraterone","CID000132971",40239056,2,"Ingredient",8,1100072,"0000-00-00",NULL,""
"acamprosate","CID000071158",19043959,2,"Ingredient",8,82819,"0000-00-00",NULL,""
"acarbose","CID000041774",1529331,2,"Ingredient",8,16681,"0000-00-00",NULL,""
"acebutolol","CID000001978",1319998,2,"Ingredient",8,149,"0000-00-00",NULL,""
"acetaminophen","CID000001983",1125315,2,"Ingredient",8,161,"0000-00-00",NULL,""
"acetazolamide","CID000001986",929435,2,"Ingredient",8,167,"0000-00-00",NULL,""
"acetic acid","CID000000175",929549,2,"Ingredient",8,168,"0000-00-00",NULL,""
"acetohexamide","CID000001989",1530014,2,"Ingredient",8,173,"0000-00-00",NULL,""
"acetylcysteine","CID000000581",1139042,2,"Ingredient",8,197,"0000-00-00",NULL,""
"acitretin","CID000041317",929638,2,"Ingredient",8,16818,"0000-00-00",NULL,""
"acyclovir","CID000002022",1703687,2,"Ingredient",8,281,"0000-00-00",NULL,""
"adapalene","CID000060164",981774,2,"Ingredient",8,60223,"0000-00-00",NULL,""
"adefovir","CID000060172",1729323,2,"Ingredient",8,16521,"0000-00-00",NULL,""
"adenosine","CID000000191",1309204,2,"Ingredient",8,296,"0000-00-00",NULL,""
"albendazole","CID000002082",1753745,2,"Ingredient",8,430,"0000-00-00",NULL,""
"albuterol","CID000002083",1154343,2,"Ingredient",8,435,"0000-00-00",NULL,""
"alclometasone","CID004630253",905151,2,"Ingredient",8,108088,"0000-00-00",NULL,""
"alendronic acid","CID000002088",19055729,2,"Ingredient",8,236083,"0000-00-00",NULL,"D"
"alfentanil","CID000051263",19059528,2,"Ingredient",8,480,"0000-00-00",NULL,""
"alfuzosin","CID000002092",930021,2,"Ingredient",8,17300,"0000-00-00",NULL,""
"aliskiren","CID005493444",1317967,2,"Ingredient",8,325646,"0000-00-00",NULL,""
"alitretinoin","CID000005538",941052,2,"Ingredient",8,81864,"0000-00-00",NULL,""
"allantoin","CID000000204",966376,2,"Ingredient",8,508,"0000-00-00",NULL,""
"allopurinol","CID000083786",1167322,2,"Ingredient",8,519,"0000-00-00",NULL,""
"almotriptan","CID000123606",1103552,2,"Ingredient",8,279645,"0000-00-00",NULL,""
"alosetron","CID000002099",948555,2,"Ingredient",8,85248,"0000-00-00",NULL,""
"alprazolam","CID000002118",781039,2,"Ingredient",8,596,"0000-00-00",NULL,""
"alprostadil","CID000000214",1381504,2,"Ingredient",8,598,"0000-00-00",NULL,""
"aluminum chloride","CID000024012",957393,2,"Ingredient",8,46241,"0000-00-00",NULL,""
"aluminum hydroxide","CID000114790",985247,2,"Ingredient",8,612,"0000-00-00",NULL,""
"amantadine","CID000002130",19087090,2,"Ingredient",8,620,"0000-00-00",NULL,""
"ambenonium","CID000002131",787362,2,"Ingredient",8,623,"0000-00-00",NULL,""
"ambrisentan","CID000197712",1337068,2,"Ingredient",8,358274,"0000-00-00",NULL,""
"amcinonide","CID000002133",930747,2,"Ingredient",8,17652,"0000-00-00",NULL,""
"amidronate","CID000004674",1511646,2,"Ingredient",8,11473,"0000-00-00",NULL,""
"amifostine","CID000002141",1350040,2,"Ingredient",8,4126,"0000-00-00",NULL,""
"amikacin","CID000002142",1790868,2,"Ingredient",8,641,"0000-00-00",NULL,""
"amiloride","CID000016231",991382,2,"Ingredient",8,644,"0000-00-00",NULL,""
"aminoglutethimide","CID000002145",1503057,2,"Ingredient",8,677,"0000-00-00",NULL,""
"aminophylline","CID000009433",1105775,2,"Ingredient",8,689,"0000-00-00",NULL,""
"amiodarone","CID000002156",1309944,2,"Ingredient",8,703,"0000-00-00",NULL,""
"amitriptyline","CID000002160",710062,2,"Ingredient",8,704,"0000-00-00",NULL,""
"amlexanox","CID000002161",957623,2,"Ingredient",8,46307,"0000-00-00",NULL,""
"amlodipine","CID000002162",1332418,2,"Ingredient",8,17767,"0000-00-00",NULL,""
"ammonia","CID000000222",42800417,2,"Ingredient",8,1299884,"0000-00-00",NULL,""
"amobarbital","CID000002163",712757,2,"Ingredient",8,719,"0000-00-00",NULL,""
"amoxapine","CID000002170",713109,2,"Ingredient",8,722,"0000-00-00",NULL,""
"amoxicillin","CID000002171",1713332,2,"Ingredient",8,723,"0000-00-00",NULL,""
"amphetamine","CID000003007",714785,2,"Ingredient",8,725,"0000-00-00",NULL,""
"amphotericin b","CID000001972",1717240,2,"Ingredient",8,732,"0000-00-00",NULL,""
"ampicillin","CID000002173",1717327,2,"Ingredient",8,733,"0000-00-00",NULL,""
"amprenavir","CID000002177",1789428,2,"Ingredient",8,228656,"0000-00-00",NULL,""
"amrinone","CID000003698",19017805,2,"Ingredient",8,738,"0000-00-00",NULL,""
"amyl nitrite","CID000008053",1319051,2,"Ingredient",8,742,"0000-00-00",NULL,""
"anagrelide","CID000002182",19056407,2,"Ingredient",8,236612,"0000-00-00",NULL,"D"
"anagrelide","CID000002182",1381253,2,"Ingredient",8,596724,"0000-00-00",NULL,""
"anastrozole","CID000002187",1348265,2,"Ingredient",8,84857,"0000-00-00",NULL,""
"anthralin","CID000010187",952538,2,"Ingredient",8,873,"0000-00-00",NULL,""
"antipyrine","CID000002206",1036059,2,"Ingredient",8,1001,"0000-00-00",NULL,""
"apraclonidine","CID000002216",919986,2,"Ingredient",8,14845,"0000-00-00",NULL,""
"aprepitant","CID000151165",936748,2,"Ingredient",8,358255,"0000-00-00",NULL,""
"arformoterol","CID000003410",40136611,2,"Ingredient",8,668953,"0000-00-00",NULL,"D"
"arformoterol","CID000003410",1111220,2,"Ingredient",8,304962,"0000-00-00",NULL,""
"argatroban","CID000002232",1322207,2,"Ingredient",8,15202,"0000-00-00",NULL,""
"arginine","CID000000232",19006410,2,"Ingredient",8,1091,"0000-00-00",NULL,""
"aripiprazole","CID000060795",757688,2,"Ingredient",8,89013,"0000-00-00",NULL,""
"arsenic trioxide","CID000014888",1333379,2,"Ingredient",8,18330,"0000-00-00",NULL,""
"ascorbic acid","CID000000235",19011773,2,"Ingredient",8,1151,"0000-00-00",NULL,""
"aspirin","CID000002244",1112807,2,"Ingredient",8,1191,"0000-00-00",NULL,""
"atazanavir","CID000148192",1727223,2,"Ingredient",8,343047,"0000-00-00",NULL,""
"atenolol","CID000002249",1314002,2,"Ingredient",8,1202,"0000-00-00",NULL,""
"atorvastatin","CID000002250",1545958,2,"Ingredient",8,83367,"0000-00-00",NULL,""
"atovaquone","CID000074989",1781733,2,"Ingredient",8,60212,"0000-00-00",NULL,""
"atracurium","CID000047319",19014341,2,"Ingredient",8,1218,"0000-00-00",NULL,""
"atropine","CID000003661",914335,2,"Ingredient",8,1223,"0000-00-00",NULL,""
"aurothioglucose","CID000006104",1163570,2,"Ingredient",8,4980,"0000-00-00",NULL,""
"azacitidine","CID000001805",1314865,2,"Ingredient",8,1251,"0000-00-00",NULL,""
"azathioprine","CID000002265",19014878,2,"Ingredient",8,1256,"0000-00-00",NULL,""
"azelastine","CID000002267",934075,2,"Ingredient",8,18603,"0000-00-00",NULL,""
"azithromycin","CID000002269",1734104,2,"Ingredient",8,18631,"0000-00-00",NULL,""
"aztreonam","CID000002274",1715117,2,"Ingredient",8,1272,"0000-00-00",NULL,""
"bacitracin","CID000002283",915175,2,"Ingredient",8,1291,"0000-00-00",NULL,""
"baclofen","CID000002284",715233,2,"Ingredient",8,1292,"0000-00-00",NULL,""
"balsalazide","CID005362070",934262,2,"Ingredient",8,18747,"0000-00-00",NULL,""
"beclomethasone","CID000002308",1115572,2,"Ingredient",8,1347,"0000-00-00",NULL,""
"benazepril","CID000002311",1335471,2,"Ingredient",8,18867,"0000-00-00",NULL,""
"bendamustine","CID000065628",19015523,2,"Ingredient",8,134547,"0000-00-00",NULL,""
"benzethonium","CID000002335",916802,2,"Ingredient",8,1390,"0000-00-00",NULL,""
"benzoate","CID000000242",711452,2,"Ingredient",8,70589,"0000-00-00",NULL,""
"benzocaine","CID000002337",917006,2,"Ingredient",8,1399,"0000-00-00",NULL,""
"benzonatate","CID000007699",1136601,2,"Ingredient",8,18993,"0000-00-00",NULL,""
"benzoyl peroxide","CID000007187",918172,2,"Ingredient",8,1418,"0000-00-00",NULL,""
"benztropine","CID000002344",719174,2,"Ingredient",8,1424,"0000-00-00",NULL,""
"benzyl alcohol","CID000000244",919681,2,"Ingredient",8,1426,"0000-00-00",NULL,""
"betamethasone","CID000003003",920458,2,"Ingredient",8,1514,"0000-00-00",NULL,""
"betaxolol","CID000002369",1322081,2,"Ingredient",8,1520,"0000-00-00",NULL,""
"bethanechol","CID000002370",937439,2,"Ingredient",8,19257,"0000-00-00",NULL,""
"bexarotene","CID000082146",1389888,2,"Ingredient",8,233272,"0000-00-00",NULL,""
"bicalutamide","CID000002375",1344381,2,"Ingredient",8,83008,"0000-00-00",NULL,""
"bimatoprost","CID005311027",904525,2,"Ingredient",8,283810,"0000-00-00",NULL,""
"biotin","CID000000253",19024770,2,"Ingredient",8,1588,"0000-00-00",NULL,""
"biperiden","CID000002381",724908,2,"Ingredient",8,1589,"0000-00-00",NULL,""
"bisacodyl","CID000002391",924939,2,"Ingredient",8,1596,"0000-00-00",NULL,""
"bismuth subsalicylate","CID006327012",937791,2,"Ingredient",8,19478,"0000-00-00",NULL,""
"bismuth tripotassium dicitrate","CID006335486",958134,2,"Ingredient",8,47181,"0000-00-00",NULL,""
"bisoprolol","CID000002405",1338005,2,"Ingredient",8,19484,"0000-00-00",NULL,""
"bleomycin","CID000072467",1329241,2,"Ingredient",8,1622,"0000-00-00",NULL,""
"bortezomib","CID000093860",1336825,2,"Ingredient",8,358258,"0000-00-00",NULL,""
"bosentan","CID000104865",1321636,2,"Ingredient",8,75207,"0000-00-00",NULL,""
"bretylium","CID000002431",19038998,2,"Ingredient",8,19685,"0000-00-00",NULL,""
"brimonidine","CID000002435",915542,2,"Ingredient",8,134615,"0000-00-00",NULL,""
"brinzolamide","CID000068844",938044,2,"Ingredient",8,194881,"0000-00-00",NULL,""
"bromfenac","CID000060726",1139179,2,"Ingredient",8,19737,"0000-00-00",NULL,""
"bromocriptine","CID000002443",730548,2,"Ingredient",8,1760,"0000-00-00",NULL,""
"brompheniramine","CID000006834",1130863,2,"Ingredient",8,1767,"0000-00-00",NULL,""
"budesonide","CID000002462",939259,2,"Ingredient",8,19831,"0000-00-00",NULL,""
"bumetanide","CID000002471",932745,2,"Ingredient",8,1808,"0000-00-00",NULL,""
"bupivacaine","CID000002474",732893,2,"Ingredient",8,1815,"0000-00-00",NULL,""
"buprenorphine","CID000002476",1133201,2,"Ingredient",8,1819,"0000-00-00",NULL,""
"bupropion","CID000000444",750982,2,"Ingredient",8,42347,"0000-00-00",NULL,""
"buspirone","CID000002477",733301,2,"Ingredient",8,1827,"0000-00-00",NULL,""
"busulfan","CID000002478",1333357,2,"Ingredient",8,1828,"0000-00-00",NULL,""
"butabarbital","CID000002479",959174,2,"Ingredient",8,477631,"0000-00-00",NULL,""
"butalbital","CID000002481",1139699,2,"Ingredient",8,19860,"0000-00-00",NULL,""
"butamben","CID000002482",939726,2,"Ingredient",8,19861,"0000-00-00",NULL,""
"butenafine","CID000002484",958396,2,"Ingredient",8,47461,"0000-00-00",NULL,""
"butoconazole","CID000047472",939784,2,"Ingredient",8,19884,"0000-00-00",NULL,""
"butorphanol","CID000002487",1133732,2,"Ingredient",8,1841,"0000-00-00",NULL,""
"cabergoline","CID000002512",1558471,2,"Ingredient",8,47579,"0000-00-00",NULL,""
"caffeine","CID000002519",1134439,2,"Ingredient",8,1886,"0000-00-00",NULL,""
"calcipotriene","CID000002522",908921,2,"Ingredient",8,29365,"0000-00-00",NULL,""
"calcitriol","CID000002524",19035631,2,"Ingredient",8,1894,"0000-00-00",NULL,""
"calcium acetate","CID000082163",951469,2,"Ingredient",8,214342,"0000-00-00",NULL,""
"calcium ascorbate","CID000000235",1319219,2,"Ingredient",8,142407,"0000-00-00",NULL,""
"calcium carbonate","CID000010112",19035704,2,"Ingredient",8,1897,"0000-00-00",NULL,""
"calcium chloride","CID000024486",19036781,2,"Ingredient",8,1901,"0000-00-00",NULL,""
"calcium citrate","CID005282392",19058572,2,"Ingredient",8,47613,"0000-00-00",NULL,""
"calcium gluconate","CID000000604",19037038,2,"Ingredient",8,1908,"0000-00-00",NULL,""
"camphor","CID000002537",938205,2,"Ingredient",8,1952,"0000-00-00",NULL,""
"candesartan","CID000002541",1351557,2,"Ingredient",8,214354,"0000-00-00",NULL,""
"capecitabine","CID000060953",1337620,2,"Ingredient",8,194000,"0000-00-00",NULL,""
"capreomycin","CID003000502",19026710,2,"Ingredient",8,78903,"0000-00-00",NULL,""
"capsaicin","CID000002548",939881,2,"Ingredient",8,1992,"0000-00-00",NULL,""
"captopril","CID000002550",1340128,2,"Ingredient",8,1998,"0000-00-00",NULL,""
"carbachol","CID000002551",940183,2,"Ingredient",8,1999,"0000-00-00",NULL,""
"carbamazepine","CID000002554",740275,2,"Ingredient",8,2002,"0000-00-00",NULL,""
"carbamide peroxide","CID000031294",958999,2,"Ingredient",8,47686,"0000-00-00",NULL,""
"carbidopa","CID000002563",740560,2,"Ingredient",8,2019,"0000-00-00",NULL,""
"carbinoxamine","CID000002564",1141018,2,"Ingredient",8,20220,"0000-00-00",NULL,""
"carboplatin","CID000038904",1344905,2,"Ingredient",8,40048,"0000-00-00",NULL,""
"carboprost","CID005229711",19049150,2,"Ingredient",8,2051,"0000-00-00",NULL,""
"carisoprodol","CID000002576",749910,2,"Ingredient",8,2101,"0000-00-00",NULL,""
"carmustine","CID000002578",1350066,2,"Ingredient",8,2105,"0000-00-00",NULL,""
"carteolol","CID000002583",950370,2,"Ingredient",8,2116,"0000-00-00",NULL,""
"carvedilol","CID000002585",1346823,2,"Ingredient",8,20352,"0000-00-00",NULL,""
"caspofungin","CID005311039",1718054,2,"Ingredient",8,140108,"0000-00-00",NULL,""
"cefaclor","CID000002609",1768849,2,"Ingredient",8,2176,"0000-00-00",NULL,""
"cefadroxil","CID000002610",1769535,2,"Ingredient",8,2177,"0000-00-00",NULL,""
"cefazolin","CID000002617",1771162,2,"Ingredient",8,2180,"0000-00-00",NULL,""
"cefdinir","CID006398970",1796458,2,"Ingredient",8,25037,"0000-00-00",NULL,""
"cefepime","CID000002622",1748975,2,"Ingredient",8,20481,"0000-00-00",NULL,""
"cefixime","CID000002675",1796435,2,"Ingredient",8,25033,"0000-00-00",NULL,""
"cefotaxime","CID000002631",1774470,2,"Ingredient",8,2186,"0000-00-00",NULL,""
"cefotetan","CID000050614",1774932,2,"Ingredient",8,2187,"0000-00-00",NULL,""
"cefoxitin","CID000002637",1775741,2,"Ingredient",8,2189,"0000-00-00",NULL,""
"cefpodoxime","CID000054547",1749008,2,"Ingredient",8,20489,"0000-00-00",NULL,""
"cefprozil","CID000002646",1738366,2,"Ingredient",8,19552,"0000-00-00",NULL,""
"ceftazidime","CID000002650",1776684,2,"Ingredient",8,2191,"0000-00-00",NULL,""
"ceftibuten","CID000002654",1749083,2,"Ingredient",8,20492,"0000-00-00",NULL,""
"ceftriaxone","CID000002656",1777806,2,"Ingredient",8,2193,"0000-00-00",NULL,""
"cefuroxime","CID000002658",1778162,2,"Ingredient",8,2194,"0000-00-00",NULL,""
"celecoxib","CID000002662",1118084,2,"Ingredient",8,140587,"0000-00-00",NULL,""
"cephalexin","CID000002666",1786621,2,"Ingredient",8,2231,"0000-00-00",NULL,""
"cetirizine","CID000002678",1149196,2,"Ingredient",8,20610,"0000-00-00",NULL,""
"cevimeline","CID000002684",954819,2,"Ingredient",8,44281,"0000-00-00",NULL,""
"chlorambucil","CID000002708",1390051,2,"Ingredient",8,2346,"0000-00-00",NULL,""
"chloramphenicol","CID000000298",990069,2,"Ingredient",8,2348,"0000-00-00",NULL,""
"chlorazepate","CID000002809",790253,2,"Ingredient",8,2353,"0000-00-00",NULL,""
"chlordiazepoxide","CID000002712",990678,2,"Ingredient",8,2356,"0000-00-00",NULL,""
"chlorhexidine","CID000002713",1790812,2,"Ingredient",8,2358,"0000-00-00",NULL,""
"chloroguanide","CID000004923",1792429,2,"Ingredient",8,2382,"0000-00-00",NULL,""
"chloroprocaine","CID000008612",19049410,2,"Ingredient",8,20859,"0000-00-00",NULL,""
"chloroquine","CID000002719",1792515,2,"Ingredient",8,2393,"0000-00-00",NULL,""
"chlorothiazide","CID000002720",992590,2,"Ingredient",8,2396,"0000-00-00",NULL,""
"chloroxylenol","CID000002723",949459,2,"Ingredient",8,20877,"0000-00-00",NULL,""
"chlorpheniramine","CID000002725",1192710,2,"Ingredient",8,2400,"0000-00-00",NULL,""
"chlorpromazine","CID000002726",794852,2,"Ingredient",8,2403,"0000-00-00",NULL,""
"chlorpropamide","CID000002727",1594973,2,"Ingredient",8,2404,"0000-00-00",NULL,""
"chlorthalidone","CID000002732",1395058,2,"Ingredient",8,2409,"0000-00-00",NULL,""
"chlorzoxazone","CID000002733",795113,2,"Ingredient",8,2410,"0000-00-00",NULL,""
"cholecalciferol","CID000002735",19095164,2,"Ingredient",8,2418,"0000-00-00",NULL,""
"choline","CID000000305",1195334,2,"Ingredient",8,2449,"0000-00-00",NULL,""
"chromic chloride","CID000024808",19049877,2,"Ingredient",8,21009,"0000-00-00",NULL,""
"ciclesonide","CID000444033",902938,2,"Ingredient",8,274964,"0000-00-00",NULL,""
"ciclopirox","CID000002749",950098,2,"Ingredient",8,21090,"0000-00-00",NULL,""
"cidofovir","CID000060613",1745072,2,"Ingredient",8,83171,"0000-00-00",NULL,""
"cilastatin","CID000104867",1797258,2,"Ingredient",8,2540,"0000-00-00",NULL,""
"cilostazol","CID000002754",1350310,2,"Ingredient",8,21107,"0000-00-00",NULL,""
"cimetidine","CID000002756",997276,2,"Ingredient",8,2541,"0000-00-00",NULL,""
"cinacalcet","CID000156419",1548111,2,"Ingredient",8,407990,"0000-00-00",NULL,""
"ciprofloxacin","CID000002764",1797513,2,"Ingredient",8,2551,"0000-00-00",NULL,""
"cisapride","CID000002769",932196,2,"Ingredient",8,35255,"0000-00-00",NULL,""
"cisatracurium","CID000047320",19015726,2,"Ingredient",8,319864,"0000-00-00",NULL,""
"cisplatin","CID005311048",1397599,2,"Ingredient",8,2555,"0000-00-00",NULL,""
"citalopram","CID000002771",797617,2,"Ingredient",8,2556,"0000-00-00",NULL,""
"citric acid","CID000022230",950435,2,"Ingredient",8,21183,"0000-00-00",NULL,""
"cladribine","CID000001546",19054825,2,"Ingredient",8,44157,"0000-00-00",NULL,""
"clarithromycin","CID000054688",1750500,2,"Ingredient",8,21212,"0000-00-00",NULL,""
"clavulanate","CID000002172",1759842,2,"Ingredient",8,48203,"0000-00-00",NULL,""
"clemastine","CID000002781",1197677,2,"Ingredient",8,2578,"0000-00-00",NULL,""
"clidinium","CID000002784",950792,2,"Ingredient",8,21232,"0000-00-00",NULL,""
"clindamycin","CID000002786",997881,2,"Ingredient",8,2582,"0000-00-00",NULL,""
"clioquinol","CID000002788",980867,2,"Ingredient",8,5942,"0000-00-00",NULL,""
"clobetasol","CID000032797",998415,2,"Ingredient",8,2590,"0000-00-00",NULL,""
"clofarabine","CID000119182",40095841,2,"Ingredient",8,486416,"0000-00-00",NULL,"D"
"clofarabine","CID000119182",19054821,2,"Ingredient",8,44151,"0000-00-00",NULL,""
"clofazimine","CID000002794",1798476,2,"Ingredient",8,2592,"0000-00-00",NULL,""
"clomiphene","CID000002800",1598819,2,"Ingredient",8,2596,"0000-00-00",NULL,""
"clomipramine","CID000002801",798834,2,"Ingredient",8,2597,"0000-00-00",NULL,""
"clonazepam","CID000002802",798874,2,"Ingredient",8,2598,"0000-00-00",NULL,""
"clonidine","CID000002803",1398937,2,"Ingredient",8,2599,"0000-00-00",NULL,""
"clopidogrel","CID000002806",1322184,2,"Ingredient",8,32968,"0000-00-00",NULL,""
"clotrimazole","CID000002812",1000632,2,"Ingredient",8,2623,"0000-00-00",NULL,""
"clozapine","CID000002818",800878,2,"Ingredient",8,2626,"0000-00-00",NULL,""
"cocaine","CID000002826",1001419,2,"Ingredient",8,2653,"0000-00-00",NULL,""
"codeine","CID000002828",1201620,2,"Ingredient",8,2670,"0000-00-00",NULL,""
"coenzyme q10","CID000001156",1351115,2,"Ingredient",8,21406,"0000-00-00",NULL,""
"colchicine","CID000002833",1101554,2,"Ingredient",8,2683,"0000-00-00",NULL,""
"colestipol","CID000062816",1501617,2,"Ingredient",8,2685,"0000-00-00",NULL,""
"colistin","CID005311054",901845,2,"Ingredient",8,2709,"0000-00-00",NULL,""
"conivaptan","CID000151171",19010927,2,"Ingredient",8,302285,"0000-00-00",NULL,""
"copper sulfate","CID000001117",19057346,2,"Ingredient",8,21579,"0000-00-00",NULL,""
"cortisone","CID000222786",1507705,2,"Ingredient",8,2878,"0000-00-00",NULL,""
"cromoglicic acid","CID000027686",1152631,2,"Ingredient",8,42612,"0000-00-00",NULL,""
"crotamiton","CID000002883",969276,2,"Ingredient",8,21766,"0000-00-00",NULL,""
"cupric chloride","CID000169664",19073031,2,"Ingredient",8,21833,"0000-00-00",NULL,""
"cyclobenzaprine","CID000002895",778711,2,"Ingredient",8,21949,"0000-00-00",NULL,""
"cyclopentolate","CID000002905",910232,2,"Ingredient",8,3001,"0000-00-00",NULL,""
"cyclophosphamide","CID000002907",1310317,2,"Ingredient",8,3002,"0000-00-00",NULL,""
"cycloserine","CID000000401",1710446,2,"Ingredient",8,3007,"0000-00-00",NULL,""
"cyclosporine","CID000002909",19010482,2,"Ingredient",8,3008,"0000-00-00",NULL,""
"cyproheptadine","CID000002913",1110727,2,"Ingredient",8,3013,"0000-00-00",NULL,""
"cytarabine","CID000000596",1311078,2,"Ingredient",8,3041,"0000-00-00",NULL,""
"dabigatran etexilate","CID006445226",40228152,2,"Ingredient",8,1037042,"0000-00-00",NULL,""
"dacarbazine","CID005281007",1311409,2,"Ingredient",8,3098,"0000-00-00",NULL,""
"dactinomycin","CID000002019",1311443,2,"Ingredient",8,3100,"0000-00-00",NULL,""
"dalfopristin","CID000005366",1789517,2,"Ingredient",8,229369,"0000-00-00",NULL,""
"danazol","CID000002949",1511449,2,"Ingredient",8,3102,"0000-00-00",NULL,""
"dantrolene","CID000002951",711714,2,"Ingredient",8,3105,"0000-00-00",NULL,""
"dapsone","CID000002955",1711759,2,"Ingredient",8,3108,"0000-00-00",NULL,""
"darifenacin","CID000072054",40054552,2,"Ingredient",8,485418,"0000-00-00",NULL,"D"
"darifenacin","CID000072054",916230,2,"Ingredient",8,136198,"0000-00-00",NULL,""
"darunavir","CID000213039",40134447,2,"Ingredient",8,643071,"0000-00-00",NULL,"D"
"darunavir","CID000213039",1756831,2,"Ingredient",8,460132,"0000-00-00",NULL,""
"dasatinib","CID003062316",1358436,2,"Ingredient",8,475342,"0000-00-00",NULL,""
"daunorubicin","CID000002958",1311799,2,"Ingredient",8,3109,"0000-00-00",NULL,""
"decitabine","CID000016886",40133618,2,"Ingredient",8,636628,"0000-00-00",NULL,"D"
"decitabine","CID000016886",19024728,2,"Ingredient",8,15657,"0000-00-00",NULL,""
"deferasirox","CID005493381",1786055,2,"Ingredient",8,614373,"0000-00-00",NULL,""
"deferasirox","CID005493381",40127988,2,"Ingredient",8,597765,"0000-00-00",NULL,"D"
"deferoxamine","CID000002973",1711947,2,"Ingredient",8,3131,"0000-00-00",NULL,""
"delavirdine","CID000005625",1747157,2,"Ingredient",8,83816,"0000-00-00",NULL,""
"demeclocycline","CID000002983",1714527,2,"Ingredient",8,3154,"0000-00-00",NULL,""
"desipramine","CID000002995",716968,2,"Ingredient",8,3247,"0000-00-00",NULL,""
"desloratadine","CID000124087",1103006,2,"Ingredient",8,275635,"0000-00-00",NULL,""
"desmopressin","CID000027991",1517070,2,"Ingredient",8,3251,"0000-00-00",NULL,""
"desogestrel","CID000040973",1588000,2,"Ingredient",8,22656,"0000-00-00",NULL,""
"desonide","CID000012536",917205,2,"Ingredient",8,3254,"0000-00-00",NULL,""
"desoximetasone","CID000003000",917336,2,"Ingredient",8,3255,"0000-00-00",NULL,""
"desvenlafaxine","CID000125017",717607,2,"Ingredient",8,734064,"0000-00-00",NULL,""
"dexamethasone","CID000003003",1518254,2,"Ingredient",8,3264,"0000-00-00",NULL,""
"dexbrompheniramine","CID000006834",1188052,2,"Ingredient",8,22696,"0000-00-00",NULL,""
"dexmedetomidine","CID000060612",19061088,2,"Ingredient",8,48937,"0000-00-00",NULL,""
"dexmethylphenidate","CID000004158",731533,2,"Ingredient",8,352372,"0000-00-00",NULL,""
"dexrazoxane","CID000030623",1353011,2,"Ingredient",8,42736,"0000-00-00",NULL,""
"dextran","CID000102399",1352890,2,"Ingredient",8,42635,"0000-00-00",NULL,""
"dextroamphetamine","CID000003007",719311,2,"Ingredient",8,3288,"0000-00-00",NULL,""
"dextromethorphan","CID000003008",1119510,2,"Ingredient",8,3289,"0000-00-00",NULL,""
"diazepam","CID000003016",723013,2,"Ingredient",8,3322,"0000-00-00",NULL,""
"diazoxide","CID000003019",1523280,2,"Ingredient",8,3327,"0000-00-00",NULL,""
"dibasic potassium phosphate","CID000024450",19076714,2,"Ingredient",8,55018,"0000-00-00",NULL,""
"dibucaine","CID000003025",923840,2,"Ingredient",8,3339,"0000-00-00",NULL,""
"dichloralantipyrine","CID000010188",1189490,2,"Ingredient",8,22892,"0000-00-00",NULL,""
"diclofenac","CID000003032",1124300,2,"Ingredient",8,3355,"0000-00-00",NULL,""
"dicloxacillin","CID000003040",1724666,2,"Ingredient",8,3356,"0000-00-00",NULL,""
"dicumarol","CID000000653",1325124,2,"Ingredient",8,1598,"0000-00-00",NULL,""
"dicyclomine","CID000003042",924724,2,"Ingredient",8,3361,"0000-00-00",NULL,""
"didanosine","CID000003043",1724869,2,"Ingredient",8,3364,"0000-00-00",NULL,""
"dienogest","CID000068861",19054876,2,"Ingredient",8,22968,"0000-00-00",NULL,""
"diflorasone","CID000003375",960988,2,"Ingredient",8,91311,"0000-00-00",NULL,""
"diflunisal","CID000003059",1126128,2,"Ingredient",8,3393,"0000-00-00",NULL,""
"difluprednate","CID000003060",19089579,2,"Ingredient",8,23043,"0000-00-00",NULL,""
"digoxin","CID000003062",1326303,2,"Ingredient",8,3407,"0000-00-00",NULL,""
"dihematoporphyrin ether","CID000057166",19089602,2,"Ingredient",8,23066,"0000-00-00",NULL,""
"dihydroergotamine","CID000003066",1126557,2,"Ingredient",8,3418,"0000-00-00",NULL,""
"dihydrotachysterol","CID011953890",19027015,2,"Ingredient",8,3429,"0000-00-00",NULL,""
"diltiazem","CID000003075",1328165,2,"Ingredient",8,3443,"0000-00-00",NULL,""
"dimenhydrinate","CID000010660",928744,2,"Ingredient",8,3444,"0000-00-00",NULL,""
"dimethicone","CID000024764",916662,2,"Ingredient",8,324072,"0000-00-00",NULL,""
"dinoprostone","CID000000158",1329415,2,"Ingredient",8,3478,"0000-00-00",NULL,""
"diphenhydramine","CID000003100",1129625,2,"Ingredient",8,3498,"0000-00-00",NULL,""
"diphenoxylate","CID000013505",930916,2,"Ingredient",8,3500,"0000-00-00",NULL,""
"dipivefrin","CID000003105",990009,2,"Ingredient",8,23410,"0000-00-00",NULL,""
"dipyridamole","CID000003108",1331270,2,"Ingredient",8,3521,"0000-00-00",NULL,""
"disopyramide","CID000003114",1335606,2,"Ingredient",8,3541,"0000-00-00",NULL,""
"disulfiram","CID000003117",735850,2,"Ingredient",8,3554,"0000-00-00",NULL,""
"dobutamine","CID000036811",1337720,2,"Ingredient",8,3616,"0000-00-00",NULL,""
"docetaxel","CID000003143",1315942,2,"Ingredient",8,72962,"0000-00-00",NULL,""
"docosanol","CID000012620",941004,2,"Ingredient",8,37534,"0000-00-00",NULL,""
"docosanol","CID000012620",980955,2,"Ingredient",8,594680,"0000-00-00",NULL,""
"docusate","CID005284548",941258,2,"Ingredient",8,82003,"0000-00-00",NULL,""
"dofetilide","CID000071329",1362979,2,"Ingredient",8,49247,"0000-00-00",NULL,""
"dolasetron","CID000003148",903459,2,"Ingredient",8,68091,"0000-00-00",NULL,""
"donepezil","CID000003152",715997,2,"Ingredient",8,135447,"0000-00-00",NULL,""
"dopamine","CID000000681",1337860,2,"Ingredient",8,3628,"0000-00-00",NULL,""
"dorzolamide","CID000003154",981709,2,"Ingredient",8,60207,"0000-00-00",NULL,""
"doxazosin","CID000003157",1363053,2,"Ingredient",8,49276,"0000-00-00",NULL,""
"doxepin","CID000003158",738156,2,"Ingredient",8,3638,"0000-00-00",NULL,""
"doxercalciferol","CID004479094",1512446,2,"Ingredient",8,11516,"0000-00-00",NULL,""
"doxorubicin","CID000001690",1338512,2,"Ingredient",8,3639,"0000-00-00",NULL,""
"doxycycline","CID000003161",1738521,2,"Ingredient",8,3640,"0000-00-00",NULL,""
"doxylamine","CID000003162",738818,2,"Ingredient",8,3642,"0000-00-00",NULL,""
"dronedarone","CID000208898",40163615,2,"Ingredient",8,233698,"0000-00-00",NULL,""
"droperidol","CID000003168",739323,2,"Ingredient",8,3648,"0000-00-00",NULL,""
"drospirenone","CID000068873",1512674,2,"Ingredient",8,11636,"0000-00-00",NULL,""
"duloxetine","CID000060835",715259,2,"Ingredient",8,72625,"0000-00-00",NULL,""
"dutasteride","CID000152945",989482,2,"Ingredient",8,228790,"0000-00-00",NULL,""
"echothiophate","CID000010548",958368,2,"Ingredient",8,89778,"0000-00-00",NULL,""
"econazole","CID000003198",940864,2,"Ingredient",8,3743,"0000-00-00",NULL,""
"edrophonium","CID000003202",740924,2,"Ingredient",8,3752,"0000-00-00",NULL,""
"efavirenz","CID000003203",1738135,2,"Ingredient",8,195085,"0000-00-00",NULL,""
"eflornithine","CID000003009",978236,2,"Ingredient",8,569,"0000-00-00",NULL,""
"eletriptan","CID000077993",1189697,2,"Ingredient",8,231049,"0000-00-00",NULL,""
"emedastine","CID000003219",903893,2,"Ingredient",8,28144,"0000-00-00",NULL,""
"emtricitabine","CID000060877",1703069,2,"Ingredient",8,276237,"0000-00-00",NULL,""
"enalapril","CID000003222",1341927,2,"Ingredient",8,3827,"0000-00-00",NULL,""
"enalaprilat","CID003691183",1342001,2,"Ingredient",8,3829,"0000-00-00",NULL,""
"enoxaparin","CID000000772",1301025,2,"Ingredient",8,67108,"0000-00-00",NULL,""
"entacapone","CID004659568",782211,2,"Ingredient",8,60307,"0000-00-00",NULL,""
"entecavir","CID000153941",40058755,2,"Ingredient",8,485431,"0000-00-00",NULL,"D"
"entecavir","CID000153941",1711246,2,"Ingredient",8,306266,"0000-00-00",NULL,""
"ephedrine","CID000005032",1143374,2,"Ingredient",8,3966,"0000-00-00",NULL,""
"epinastine","CID000003241",943634,2,"Ingredient",8,39684,"0000-00-00",NULL,""
"epinephrine","CID000000838",1343916,2,"Ingredient",8,3992,"0000-00-00",NULL,""
"epirubicin","CID000001690",1344354,2,"Ingredient",8,3995,"0000-00-00",NULL,""
"eplerenone","CID000150310",1309799,2,"Ingredient",8,298869,"0000-00-00",NULL,""
"epoprostenol","CID000000159",1354118,2,"Ingredient",8,8814,"0000-00-00",NULL,""
"eptifibatide","CID005311082",1322199,2,"Ingredient",8,75635,"0000-00-00",NULL,""
"ergotamine","CID000003251",1145379,2,"Ingredient",8,4025,"0000-00-00",NULL,""
"erlotinib","CID000176870",40040055,2,"Ingredient",8,477319,"0000-00-00",NULL,"D"
"erlotinib","CID000176870",1325363,2,"Ingredient",8,337525,"0000-00-00",NULL,""
"ertapenem","CID000150610",1717963,2,"Ingredient",8,325642,"0000-00-00",NULL,""
"erythromycin","CID000003255",1746940,2,"Ingredient",8,4053,"0000-00-00",NULL,""
"escitalopram","CID000002771",715939,2,"Ingredient",8,321988,"0000-00-00",NULL,""
"esmolol","CID000059768",19063575,2,"Ingredient",8,49737,"0000-00-00",NULL,""
"esomeprazole","CID000004594",904453,2,"Ingredient",8,283742,"0000-00-00",NULL,""
"estradiol","CID000000450",1548195,2,"Ingredient",8,4083,"0000-00-00",NULL,""
"estramustine","CID000018140",1349025,2,"Ingredient",8,4089,"0000-00-00",NULL,""
"estropipate","CID000023703",1525278,2,"Ingredient",8,33747,"0000-00-00",NULL,""
"eszopiclone","CID000005735",40038687,2,"Ingredient",8,485437,"0000-00-00",NULL,"D"
"eszopiclone","CID000005735",757352,2,"Ingredient",8,461016,"0000-00-00",NULL,""
"ethacrynate","CID000003278",987406,2,"Ingredient",8,62349,"0000-00-00",NULL,""
"ethambutol","CID000003279",1749301,2,"Ingredient",8,4110,"0000-00-00",NULL,""
"ethanol","CID000000702",955372,2,"Ingredient",8,448,"0000-00-00",NULL,""
"ethanolamine oleate","CID005282489",19095285,2,"Ingredient",8,24460,"0000-00-00",NULL,""
"ethinyl estradiol","CID000003285",1549786,2,"Ingredient",8,4124,"0000-00-00",NULL,""
"ethionamide","CID002761171",1750074,2,"Ingredient",8,4127,"0000-00-00",NULL,""
"ethosuximide","CID000003291",750119,2,"Ingredient",8,4135,"0000-00-00",NULL,""
"ethyl chloride","CID000006337",950316,2,"Ingredient",8,4141,"0000-00-00",NULL,""
"etodolac","CID000003308",1195492,2,"Ingredient",8,24605,"0000-00-00",NULL,""
"etomidate","CID000036339",19050488,2,"Ingredient",8,4177,"0000-00-00",NULL,""
"etonogestrel","CID000040976",1519936,2,"Ingredient",8,14584,"0000-00-00",NULL,""
"etoposide","CID000003310",1350504,2,"Ingredient",8,4179,"0000-00-00",NULL,""
"etravirine","CID000193962",1758536,2,"Ingredient",8,475969,"0000-00-00",NULL,""
"everolimus","CID011954269",19011440,2,"Ingredient",8,141704,"0000-00-00",NULL,""
"exemestane","CID000060198",1398399,2,"Ingredient",8,258494,"0000-00-00",NULL,""
"ezetimibe","CID000150311",1526475,2,"Ingredient",8,341248,"0000-00-00",NULL,""
"famciclovir","CID000003324",1703603,2,"Ingredient",8,68099,"0000-00-00",NULL,""
"famotidine","CID000003325",953076,2,"Ingredient",8,4278,"0000-00-00",NULL,""
"febuxostat","CID000134018",19017742,2,"Ingredient",8,73689,"0000-00-00",NULL,""
"felbamate","CID000003331",795661,2,"Ingredient",8,24812,"0000-00-00",NULL,""
"felodipine","CID000003333",1353776,2,"Ingredient",8,4316,"0000-00-00",NULL,""
"fenofibrate","CID000003339",1551803,2,"Ingredient",8,8703,"0000-00-00",NULL,""
"fenoldopam","CID000003340",19095721,2,"Ingredient",8,24853,"0000-00-00",NULL,""
"fentanyl","CID000003345",1154029,2,"Ingredient",8,4337,"0000-00-00",NULL,""
"ferrous fumarate","CID005478817",1595799,2,"Ingredient",8,24941,"0000-00-00",NULL,""
"ferrous gluconate","CID000071372",1396012,2,"Ingredient",8,24942,"0000-00-00",NULL,""
"ferrous sulfate","CID000001117",1396131,2,"Ingredient",8,24947,"0000-00-00",NULL,""
"fesoterodine","CID006918558",19027958,2,"Ingredient",8,797195,"0000-00-00",NULL,""
"fexofenadine","CID000003348",1153428,2,"Ingredient",8,87636,"0000-00-00",NULL,""
"finasteride","CID000003350",996416,2,"Ingredient",8,25025,"0000-00-00",NULL,""
"flavoxate","CID000003354",954853,2,"Ingredient",8,4440,"0000-00-00",NULL,""
"flecainide","CID000003355",1354860,2,"Ingredient",8,4441,"0000-00-00",NULL,""
"floxuridine","CID000003363",1355509,2,"Ingredient",8,4488,"0000-00-00",NULL,""
"fluconazole","CID000003365",1754994,2,"Ingredient",8,4450,"0000-00-00",NULL,""
"flucytosine","CID000003366",1755112,2,"Ingredient",8,4451,"0000-00-00",NULL,""
"fludarabine","CID000003367",1395557,2,"Ingredient",8,24698,"0000-00-00",NULL,""
"fludrocortisone","CID000031378",1555120,2,"Ingredient",8,4452,"0000-00-00",NULL,""
"flumazenil","CID000003373",19055153,2,"Ingredient",8,4457,"0000-00-00",NULL,""
"flunisolide","CID000003379",1196514,2,"Ingredient",8,25120,"0000-00-00",NULL,""
"fluocinolone","CID000091488",996541,2,"Ingredient",8,25126,"0000-00-00",NULL,""
"fluocinonide","CID000003382",955252,2,"Ingredient",8,4462,"0000-00-00",NULL,""
"fluorometholone","CID000003384",955583,2,"Ingredient",8,4491,"0000-00-00",NULL,""
"fluorouracil","CID000003385",955632,2,"Ingredient",8,4492,"0000-00-00",NULL,""
"fluoxetine","CID000003386",755695,2,"Ingredient",8,4493,"0000-00-00",NULL,""
"fluoxymesterone","CID000003387",1555887,2,"Ingredient",8,4494,"0000-00-00",NULL,""
"fluphenazine","CID000003372",756018,2,"Ingredient",8,4496,"0000-00-00",NULL,""
"flurandrenolone","CID000003392",956266,2,"Ingredient",8,4500,"0000-00-00",NULL,""
"flurazepam","CID000003393",756349,2,"Ingredient",8,4501,"0000-00-00",NULL,""
"flurbiprofen","CID000003394",1156378,2,"Ingredient",8,4502,"0000-00-00",NULL,""
"flutamide","CID000003397",1356461,2,"Ingredient",8,4508,"0000-00-00",NULL,""
"fluticasone","CID000062924",1149380,2,"Ingredient",8,41126,"0000-00-00",NULL,""
"fluvastatin","CID000003403",1549686,2,"Ingredient",8,41127,"0000-00-00",NULL,""
"fluvoxamine","CID000003404",751412,2,"Ingredient",8,42355,"0000-00-00",NULL,""
"folic acid","CID000003405",19111620,2,"Ingredient",8,4511,"0000-00-00",NULL,"D"
"fomepizole","CID000003406",19022479,2,"Ingredient",8,15226,"0000-00-00",NULL,""
"formoterol","CID000003410",1196677,2,"Ingredient",8,25255,"0000-00-00",NULL,""
"fosamprenavir","CID000131536",1736829,2,"Ingredient",8,358262,"0000-00-00",NULL,""
"fosaprepitant dimeglumine","CID006918366",19022131,2,"Ingredient",8,754763,"0000-00-00",NULL,""
"foscarnet","CID000003414",1724700,2,"Ingredient",8,33562,"0000-00-00",NULL,""
"fosfomycin","CID000003417",956653,2,"Ingredient",8,4550,"0000-00-00",NULL,""
"fosinopril","CID000003419",1363749,2,"Ingredient",8,50166,"0000-00-00",NULL,""
"fosphenytoin","CID000056339",713192,2,"Ingredient",8,72236,"0000-00-00",NULL,""
"frovatriptan","CID000077992",1189458,2,"Ingredient",8,228783,"0000-00-00",NULL,""
"fulvestrant","CID000104741",1304044,2,"Ingredient",8,282357,"0000-00-00",NULL,""
"furazolidone","CID000003435",1756822,2,"Ingredient",8,4601,"0000-00-00",NULL,""
"furosemide","CID000003440",956874,2,"Ingredient",8,4603,"0000-00-00",NULL,""
"gabapentin","CID000003446",797399,2,"Ingredient",8,25480,"0000-00-00",NULL,""
"galantamine","CID000003449",757627,2,"Ingredient",8,4637,"0000-00-00",NULL,""
"gallium nitrate","CID005282394",19097605,2,"Ingredient",8,25544,"0000-00-00",NULL,""
"ganciclovir","CID000003454",1757803,2,"Ingredient",8,4678,"0000-00-00",NULL,""
"gatifloxacin","CID000005379",1789276,2,"Ingredient",8,228476,"0000-00-00",NULL,""
"gefitinib","CID000123631",1319193,2,"Ingredient",8,328134,"0000-00-00",NULL,""
"gemfibrozil","CID000003463",1558242,2,"Ingredient",8,4719,"0000-00-00",NULL,""
"gentamicin sulfate","CID000003467",919345,2,"Ingredient",8,142438,"0000-00-00",NULL,""
"gentian violet","CID000003468",959362,2,"Ingredient",8,4778,"0000-00-00",NULL,""
"glimepiride","CID000003476",1597756,2,"Ingredient",8,25789,"0000-00-00",NULL,""
"glipizide","CID000003478",1560171,2,"Ingredient",8,4821,"0000-00-00",NULL,""
"glubionate calcium","CID000064776",19097867,2,"Ingredient",8,25806,"0000-00-00",NULL,""
"glucose","CID000000206",1560524,2,"Ingredient",8,4850,"0000-00-00",NULL,""
"glyburide","CID000003488",1559684,2,"Ingredient",8,4815,"0000-00-00",NULL,""
"glycerol","CID000000753",961145,2,"Ingredient",8,4910,"0000-00-00",NULL,""
"glycerol","CID000000753",40172325,2,"Ingredient",8,900135,"0000-00-00",NULL,"D"
"glycopyrrolate","CID000003494",963353,2,"Ingredient",8,4955,"0000-00-00",NULL,""
"gonadorelin","CID000036523",19089810,2,"Ingredient",8,6384,"0000-00-00",NULL,""
"goserelin","CID000047725",1366310,2,"Ingredient",8,50610,"0000-00-00",NULL,""
"granisetron","CID000003510",1000772,2,"Ingredient",8,26237,"0000-00-00",NULL,""
"griseofulvin","CID000003512",1763779,2,"Ingredient",8,5021,"0000-00-00",NULL,""
"guaifenesin","CID000003516",1163944,2,"Ingredient",8,5032,"0000-00-00",NULL,""
"guaifenesin","CID000003516",40043626,2,"Ingredient",8,476705,"0000-00-00",NULL,"D"
"guanfacine","CID000003519",1344965,2,"Ingredient",8,40114,"0000-00-00",NULL,""
"halcinonide","CID000003553",966468,2,"Ingredient",8,5084,"0000-00-00",NULL,""
"halobetasol","CID005311167",949759,2,"Ingredient",8,41208,"0000-00-00",NULL,""
"haloperidol","CID000003559",766529,2,"Ingredient",8,5093,"0000-00-00",NULL,""
"hemin","CID000004973",19067303,2,"Ingredient",8,5175,"0000-00-00",NULL,""
"heparin","CID000000772",1367571,2,"Ingredient",8,5224,"0000-00-00",NULL,""
"hexachlorophene","CID000003598",1768734,2,"Ingredient",8,5293,"0000-00-00",NULL,""
"histamine","CID000000774",19069019,2,"Ingredient",8,5333,"0000-00-00",NULL,""
"homatropine","CID000003623",1101703,2,"Ingredient",8,27084,"0000-00-00",NULL,""
"hydralazine","CID000003637",1373928,2,"Ingredient",8,5470,"0000-00-00",NULL,""
"hydrochlorothiazide","CID000003639",974166,2,"Ingredient",8,5487,"0000-00-00",NULL,""
"hydrocodone","CID000411697",1174888,2,"Ingredient",8,5489,"0000-00-00",NULL,""
"hydrocortisone","CID000003640",975125,2,"Ingredient",8,5492,"0000-00-00",NULL,""
"hydrogen peroxide","CID000000784",1776430,2,"Ingredient",8,5499,"0000-00-00",NULL,""
"hydromorphone","CID000003648",1126658,2,"Ingredient",8,3423,"0000-00-00",NULL,""
"hydroquinone","CID000000785",976778,2,"Ingredient",8,5509,"0000-00-00",NULL,""
"hydroxocobalamin","CID004479097",1377023,2,"Ingredient",8,5514,"0000-00-00",NULL,""
"hydroxychloroquine","CID000003652",1777087,2,"Ingredient",8,5521,"0000-00-00",NULL,""
"hydroxyprogesterone","CID000006238",19077143,2,"Ingredient",8,5542,"0000-00-00",NULL,""
"hydroxyurea","CID000003657",1377141,2,"Ingredient",8,5552,"0000-00-00",NULL,""
"hydroxyzine","CID000003658",777221,2,"Ingredient",8,5553,"0000-00-00",NULL,""
"hyoscyamine","CID000003661",923672,2,"Ingredient",8,153970,"0000-00-00",NULL,""
"ibandronate","CID000060852",1512480,2,"Ingredient",8,115264,"0000-00-00",NULL,""
"ibuprofen","CID000003672",1177480,2,"Ingredient",8,5640,"0000-00-00",NULL,""
"ibutilide","CID000060753",19050087,2,"Ingredient",8,41289,"0000-00-00",NULL,""
"idarubicin","CID000003685",19078097,2,"Ingredient",8,5650,"0000-00-00",NULL,""
"idoxuridine","CID000003687",19078156,2,"Ingredient",8,5653,"0000-00-00",NULL,""
"ifosfamide","CID000003690",19078187,2,"Ingredient",8,5657,"0000-00-00",NULL,""
"iloperidone","CID000071360",19017241,2,"Ingredient",8,73178,"0000-00-00",NULL,""
"iloprost","CID005311181",1344992,2,"Ingredient",8,40138,"0000-00-00",NULL,""
"imatinib","CID000005291",1304107,2,"Ingredient",8,282388,"0000-00-00",NULL,""
"imipenem","CID000003695",1778262,2,"Ingredient",8,5690,"0000-00-00",NULL,""
"imipramine","CID000003696",778268,2,"Ingredient",8,5691,"0000-00-00",NULL,""
"imiquimod","CID000057469",981691,2,"Ingredient",8,59943,"0000-00-00",NULL,""
"indacaterol","CID006433117",40240664,2,"Ingredient",8,1114326,"0000-00-00",NULL,""
"indapamide","CID000003702",978555,2,"Ingredient",8,5764,"0000-00-00",NULL,""
"indinavir","CID000003706",1711523,2,"Ingredient",8,114289,"0000-00-00",NULL,""
"indomethacin","CID000003715",1178663,2,"Ingredient",8,5781,"0000-00-00",NULL,""
"iodoquinol","CID000003728",928006,2,"Ingredient",8,3435,"0000-00-00",NULL,""
"iopanoic acid","CID000003735",19081256,2,"Ingredient",8,5967,"0000-00-00",NULL,""
"ipratropium","CID000003746",1112921,2,"Ingredient",8,7213,"0000-00-00",NULL,""
"irbesartan","CID000003749",1347384,2,"Ingredient",8,83818,"0000-00-00",NULL,""
"irinotecan","CID000003750",1367268,2,"Ingredient",8,51499,"0000-00-00",NULL,""
"isocarboxazid","CID000003759",781705,2,"Ingredient",8,6011,"0000-00-00",NULL,""
"isometheptene","CID000022297",1103518,2,"Ingredient",8,27946,"0000-00-00",NULL,""
"isoniazid","CID000003767",1782521,2,"Ingredient",8,6038,"0000-00-00",NULL,""
"isopropyl alcohol","CID000003776",40126573,2,"Ingredient",8,486430,"0000-00-00",NULL,"D"
"isopropyl alcohol","CID000003776",19028106,2,"Ingredient",8,797541,"0000-00-00",NULL,""
"isoproterenol","CID000003779",1183554,2,"Ingredient",8,6054,"0000-00-00",NULL,""
"isosorbide","CID000012597",1383815,2,"Ingredient",8,6057,"0000-00-00",NULL,""
"isosorbide dinitrate","CID000003780",1383925,2,"Ingredient",8,6058,"0000-00-00",NULL,""
"isotretinoin","CID000005538",984232,2,"Ingredient",8,6064,"0000-00-00",NULL,""
"isradipine","CID000003784",1326012,2,"Ingredient",8,33910,"0000-00-00",NULL,""
"itraconazole","CID000003793",1703653,2,"Ingredient",8,28031,"0000-00-00",NULL,""
"ivermectin","CID006435110",1784444,2,"Ingredient",8,6069,"0000-00-00",NULL,""
"ixabepilone","CID006445540",19025348,2,"Ingredient",8,337523,"0000-00-00",NULL,""
"kanamycin","CID000000815",1784749,2,"Ingredient",8,6099,"0000-00-00",NULL,""
"ketamine","CID000003821",785649,2,"Ingredient",8,6130,"0000-00-00",NULL,""
"ketoconazole","CID000003823",985708,2,"Ingredient",8,6135,"0000-00-00",NULL,""
"ketoprofen","CID000003825",1185922,2,"Ingredient",8,6142,"0000-00-00",NULL,""
"ketorolac","CID000003826",1136980,2,"Ingredient",8,35827,"0000-00-00",NULL,""
"ketotifen","CID000003827",986117,2,"Ingredient",8,6146,"0000-00-00",NULL,""
"labetalol","CID000003869",1386957,2,"Ingredient",8,6185,"0000-00-00",NULL,""
"lacosamide","CID000219078",19087394,2,"Ingredient",8,623400,"0000-00-00",NULL,""
"lactate","CID000000612",19011035,2,"Ingredient",8,114202,"0000-00-00",NULL,""
"lactulose","CID000087177",987245,2,"Ingredient",8,6218,"0000-00-00",NULL,""
"lamivudine","CID000003877",1704183,2,"Ingredient",8,68244,"0000-00-00",NULL,""
"lamotrigine","CID000003878",705103,2,"Ingredient",8,28439,"0000-00-00",NULL,""
"lansoprazole","CID000003883",929887,2,"Ingredient",8,17128,"0000-00-00",NULL,""
"lanthanum carbonate","CID000176168",40051470,2,"Ingredient",8,477345,"0000-00-00",NULL,"D"
"lanthanum carbonate","CID000176168",990028,2,"Ingredient",8,234416,"0000-00-00",NULL,""
"latanoprost","CID000003890",954688,2,"Ingredient",8,43611,"0000-00-00",NULL,""
"leflunomide","CID000003899",1101898,2,"Ingredient",8,27169,"0000-00-00",NULL,""
"lenalidomide","CID000216326",19026972,2,"Ingredient",8,342369,"0000-00-00",NULL,""
"letrozole","CID000003902",1315946,2,"Ingredient",8,72965,"0000-00-00",NULL,""
"leucovorin","CID000000143",1388796,2,"Ingredient",8,6313,"0000-00-00",NULL,""
"leuprolide","CID000003911",1351541,2,"Ingredient",8,42375,"0000-00-00",NULL,""
"levalbuterol","CID000002083",1192218,2,"Ingredient",8,237159,"0000-00-00",NULL,""
"levetiracetam","CID000059708",711584,2,"Ingredient",8,114477,"0000-00-00",NULL,""
"levobunolol","CID000003914",932815,2,"Ingredient",8,1813,"0000-00-00",NULL,""
"levocarnitine","CID000000085",1553610,2,"Ingredient",8,42955,"0000-00-00",NULL,""
"levocetirizine","CID000002678",1136422,2,"Ingredient",8,356887,"0000-00-00",NULL,""
"levodopa","CID000000836",789578,2,"Ingredient",8,6375,"0000-00-00",NULL,""
"levofloxacin","CID000004583",1742253,2,"Ingredient",8,82122,"0000-00-00",NULL,""
"levonorgestrel","CID000004542",1589505,2,"Ingredient",8,6373,"0000-00-00",NULL,""
"levorphanol","CID000003918",1189766,2,"Ingredient",8,6378,"0000-00-00",NULL,""
"lidocaine","CID000003676",989878,2,"Ingredient",8,6387,"0000-00-00",NULL,""
"lindane","CID000000727",916751,2,"Ingredient",8,1388,"0000-00-00",NULL,""
"linezolid","CID000003929",1736887,2,"Ingredient",8,190376,"0000-00-00",NULL,""
"lisinopril","CID000003937",1308216,2,"Ingredient",8,29046,"0000-00-00",NULL,""
"lithium carbonate","CID000011125",751246,2,"Ingredient",8,42351,"0000-00-00",NULL,""
"lithium citrate","CID000013520",767410,2,"Ingredient",8,52105,"0000-00-00",NULL,""
"lomustine","CID000003950",1391846,2,"Ingredient",8,6466,"0000-00-00",NULL,""
"loperamide","CID000003954",991876,2,"Ingredient",8,6468,"0000-00-00",NULL,""
"lopinavir","CID000003817",1738170,2,"Ingredient",8,195088,"0000-00-00",NULL,""
"loratadine","CID000003957",1107830,2,"Ingredient",8,28889,"0000-00-00",NULL,""
"lorazepam","CID000003958",791967,2,"Ingredient",8,6470,"0000-00-00",NULL,""
"losartan","CID000003961",1367500,2,"Ingredient",8,52175,"0000-00-00",NULL,""
"loteprednol etabonate","CID000054808",967562,2,"Ingredient",8,52177,"0000-00-00",NULL,""
"lovastatin","CID000003962",1592085,2,"Ingredient",8,6472,"0000-00-00",NULL,""
"loxapine","CID000003964",792263,2,"Ingredient",8,6475,"0000-00-00",NULL,""
"lubiprostone","CID000157920",987366,2,"Ingredient",8,623033,"0000-00-00",NULL,""
"lubiprostone","CID000157920",40130848,2,"Ingredient",8,616575,"0000-00-00",NULL,"D"
"lurasidone","CID000213046",40230761,2,"Ingredient",8,1040028,"0000-00-00",NULL,""
"luteinizing hormone","CID000036523",1589795,2,"Ingredient",8,6383,"0000-00-00",NULL,""
"mafenide","CID000003998",992716,2,"Ingredient",8,6572,"0000-00-00",NULL,""
"magaldrate","CID000170190",908360,2,"Ingredient",8,29151,"0000-00-00",NULL,""
"magnesium carbonate","CID000000767",908464,2,"Ingredient",8,29155,"0000-00-00",NULL,""
"magnesium chloride","CID000024584",19092849,2,"Ingredient",8,6579,"0000-00-00",NULL,""
"magnesium gluconate","CID000000604",19067971,2,"Ingredient",8,52358,"0000-00-00",NULL,""
"magnesium hydroxide","CID000014791",992956,2,"Ingredient",8,6581,"0000-00-00",NULL,""
"magnesium oxide","CID000014792",993631,2,"Ingredient",8,6582,"0000-00-00",NULL,""
"magnesium salicylate","CID000000338",1168079,2,"Ingredient",8,52364,"0000-00-00",NULL,""
"magnesium sulfate","CID000001117",19093848,2,"Ingredient",8,6585,"0000-00-00",NULL,""
"magnesium trisilicate","CID011954328",908730,2,"Ingredient",8,29170,"0000-00-00",NULL,""
"malathion","CID000004004",993979,2,"Ingredient",8,6606,"0000-00-00",NULL,""
"manganese sulfate","CID000166832",19008897,2,"Ingredient",8,29268,"0000-00-00",NULL,""
"mannitol","CID000000453",994058,2,"Ingredient",8,6628,"0000-00-00",NULL,""
"maraviroc","CID000483407",1787101,2,"Ingredient",8,620216,"0000-00-00",NULL,""
"mebendazole","CID000004030",1794280,2,"Ingredient",8,6672,"0000-00-00",NULL,""
"mechlorethamine","CID000004033",1394337,2,"Ingredient",8,6674,"0000-00-00",NULL,""
"meclizine","CID000004034",994341,2,"Ingredient",8,6676,"0000-00-00",NULL,""
"meclofenamate","CID000004036",1180182,2,"Ingredient",8,588003,"0000-00-00",NULL,""
"medroxyprogesterone","CID000010631",1500211,2,"Ingredient",8,6691,"0000-00-00",NULL,""
"mefloquine","CID000004046",19000498,2,"Ingredient",8,6694,"0000-00-00",NULL,""
"megestrol","CID000019090",1300978,2,"Ingredient",8,6703,"0000-00-00",NULL,""
"meloxicam","CID000004052",1150345,2,"Ingredient",8,41493,"0000-00-00",NULL,""
"melphalan","CID000004053",1301267,2,"Ingredient",8,6718,"0000-00-00",NULL,""
"memantine","CID000004054",701322,2,"Ingredient",8,6719,"0000-00-00",NULL,""
"menthol","CID000001254",901656,2,"Ingredient",8,6750,"0000-00-00",NULL,""
"meperidine","CID000004058",1102527,2,"Ingredient",8,6754,"0000-00-00",NULL,""
"mephenytoin","CID000004060",702661,2,"Ingredient",8,6757,"0000-00-00",NULL,""
"mephobarbital","CID000008271",702685,2,"Ingredient",8,6758,"0000-00-00",NULL,""
"mepivacaine","CID000004062",702774,2,"Ingredient",8,6759,"0000-00-00",NULL,""
"meprobamate","CID000004064",702865,2,"Ingredient",8,6760,"0000-00-00",NULL,""
"meropenem","CID000060707",1709170,2,"Ingredient",8,29561,"0000-00-00",NULL,""
"mesalamine","CID000004075",968426,2,"Ingredient",8,52582,"0000-00-00",NULL,""
"mesna","CID000000598",1354698,2,"Ingredient",8,44,"0000-00-00",NULL,""
"mesoridazine","CID000004078",703083,2,"Ingredient",8,6779,"0000-00-00",NULL,""
"metaraminol","CID000004087",19003303,2,"Ingredient",8,6805,"0000-00-00",NULL,""
"metaxalone","CID000015459",780369,2,"Ingredient",8,59078,"0000-00-00",NULL,""
"metformin","CID000004091",1503297,2,"Ingredient",8,6809,"0000-00-00",NULL,""
"methacholine","CID000001993",19024227,2,"Ingredient",8,155080,"0000-00-00",NULL,""
"methadone","CID000004095",1103640,2,"Ingredient",8,6813,"0000-00-00",NULL,""
"methazolamide","CID000004100",904250,2,"Ingredient",8,6826,"0000-00-00",NULL,""
"methenamine","CID000004101",904356,2,"Ingredient",8,6832,"0000-00-00",NULL,""
"methimazole","CID001349907",1504620,2,"Ingredient",8,6835,"0000-00-00",NULL,""
"methocarbamol","CID000004107",704943,2,"Ingredient",8,6845,"0000-00-00",NULL,""
"methohexital","CID000009034",19005015,2,"Ingredient",8,6847,"0000-00-00",NULL,""
"methotrexate","CID000004112",1305058,2,"Ingredient",8,6851,"0000-00-00",NULL,""
"methoxsalen","CID000004114",905223,2,"Ingredient",8,6854,"0000-00-00",NULL,""
"methsuximide","CID000006476",759401,2,"Ingredient",8,47858,"0000-00-00",NULL,""
"methyldopa","CID000004138",1305447,2,"Ingredient",8,6876,"0000-00-00",NULL,""
"methyldopate","CID000017277",1305496,2,"Ingredient",8,6877,"0000-00-00",NULL,""
"methylene blue","CID000407237",905518,2,"Ingredient",8,6878,"0000-00-00",NULL,""
"methylergonovine","CID000004140",1305637,2,"Ingredient",8,6883,"0000-00-00",NULL,""
"methylnaltrexone","CID005361918",909841,2,"Ingredient",8,29899,"0000-00-00",NULL,""
"methylphenidate","CID000004158",705944,2,"Ingredient",8,6901,"0000-00-00",NULL,""
"methylprednisolone","CID000004159",1506270,2,"Ingredient",8,6902,"0000-00-00",NULL,""
"methyltestosterone","CID000004160",1506602,2,"Ingredient",8,6904,"0000-00-00",NULL,""
"metipranolol","CID000031477",905531,2,"Ingredient",8,10824,"0000-00-00",NULL,""
"metirosine","CID000003125",1401581,2,"Ingredient",8,266604,"0000-00-00",NULL,""
"metoclopramide","CID000004168",906780,2,"Ingredient",8,6915,"0000-00-00",NULL,""
"metolazone","CID000004170",907013,2,"Ingredient",8,6916,"0000-00-00",NULL,""
"metoprolol","CID000004171",1307046,2,"Ingredient",8,6918,"0000-00-00",NULL,""
"metronidazole","CID000004173",1707164,2,"Ingredient",8,6922,"0000-00-00",NULL,""
"metyrapone","CID000004174",19007490,2,"Ingredient",8,6923,"0000-00-00",NULL,""
"mexiletine","CID000004178",1307542,2,"Ingredient",8,6926,"0000-00-00",NULL,""
"micafungin","CID000477468",19018013,2,"Ingredient",8,325887,"0000-00-00",NULL,""
"miconazole","CID000004189",907879,2,"Ingredient",8,6932,"0000-00-00",NULL,""
"midazolam","CID000004192",708298,2,"Ingredient",8,6960,"0000-00-00",NULL,""
"midodrine","CID000004195",1308368,2,"Ingredient",8,6963,"0000-00-00",NULL,""
"mifepristone","CID000004196",1508439,2,"Ingredient",8,6964,"0000-00-00",NULL,""
"miglitol","CID000051577",1510202,2,"Ingredient",8,30009,"0000-00-00",NULL,""
"milnacipran","CID000065833",19080226,2,"Ingredient",8,588250,"0000-00-00",NULL,""
"milrinone","CID000004197",1368671,2,"Ingredient",8,52769,"0000-00-00",NULL,""
"minocycline","CID000004200",1708880,2,"Ingredient",8,6980,"0000-00-00",NULL,""
"minoxidil","CID000004201",1309068,2,"Ingredient",8,6984,"0000-00-00",NULL,""
"mirtazapine","CID000004205",725131,2,"Ingredient",8,15996,"0000-00-00",NULL,""
"misoprostol","CID004183806",1150871,2,"Ingredient",8,42331,"0000-00-00",NULL,""
"mitomycin","CID000005746",1389036,2,"Ingredient",8,632,"0000-00-00",NULL,""
"mitotane","CID000004211",1309161,2,"Ingredient",8,7004,"0000-00-00",NULL,""
"mitoxantrone","CID000004212",1309188,2,"Ingredient",8,7005,"0000-00-00",NULL,""
"mivacurium","CID000104803",19010459,2,"Ingredient",8,30077,"0000-00-00",NULL,""
"modafinil","CID000004236",710650,2,"Ingredient",8,30125,"0000-00-00",NULL,""
"moexipril","CID000091270",1310756,2,"Ingredient",8,30131,"0000-00-00",NULL,""
"molindone","CID000023897",709699,2,"Ingredient",8,7019,"0000-00-00",NULL,""
"mometasone","CID000123620",905233,2,"Ingredient",8,108118,"0000-00-00",NULL,""
"montelukast","CID005311297",1154161,2,"Ingredient",8,88249,"0000-00-00",NULL,""
"moricizine","CID000034633",1344996,2,"Ingredient",8,40169,"0000-00-00",NULL,""
"morphine","CID000004253",1110410,2,"Ingredient",8,7052,"0000-00-00",NULL,""
"moxifloxacin","CID000004259",1716903,2,"Ingredient",8,139462,"0000-00-00",NULL,""
"mupirocin","CID000004264",951511,2,"Ingredient",8,42372,"0000-00-00",NULL,""
"mycophenolate mofetil","CID000004271",19003999,2,"Ingredient",8,68149,"0000-00-00",NULL,""
"mycophenolic acid","CID000508230",40062332,2,"Ingredient",8,485017,"0000-00-00",NULL,"D"
"mycophenolic acid","CID000508230",19012565,2,"Ingredient",8,7145,"0000-00-00",NULL,""
"nabumetone","CID000004409",1113648,2,"Ingredient",8,31448,"0000-00-00",NULL,""
"nadolol","CID000004411",1313200,2,"Ingredient",8,7226,"0000-00-00",NULL,""
"nafcillin","CID000008982",1713930,2,"Ingredient",8,7233,"0000-00-00",NULL,""
"naftifin","CID000047641",914053,2,"Ingredient",8,31476,"0000-00-00",NULL,""
"nalbuphine","CID000004419",1114122,2,"Ingredient",8,7238,"0000-00-00",NULL,""
"nalidixate","CID000004421",986864,2,"Ingredient",8,618425,"0000-00-00",NULL,""
"naloxone","CID000004425",1114220,2,"Ingredient",8,7242,"0000-00-00",NULL,""
"naltrexone","CID000004428",1714319,2,"Ingredient",8,7243,"0000-00-00",NULL,""
"nandrolone","CID000009904",1514412,2,"Ingredient",8,7244,"0000-00-00",NULL,""
"naphazoline","CID000004436",914533,2,"Ingredient",8,7247,"0000-00-00",NULL,""
"naproxen","CID000001302",1115008,2,"Ingredient",8,7258,"0000-00-00",NULL,""
"naratriptan","CID000004440",1118117,2,"Ingredient",8,141366,"0000-00-00",NULL,""
"natamycin","CID000657250",915392,2,"Ingredient",8,7268,"0000-00-00",NULL,""
"nateglinide","CID000443871",1502826,2,"Ingredient",8,274332,"0000-00-00",NULL,""
"nebivolol","CID000071301",1314577,2,"Ingredient",8,31555,"0000-00-00",NULL,""
"nedocromil","CID000050294",1114620,2,"Ingredient",8,31563,"0000-00-00",NULL,""
"nefazodone","CID000004449",714684,2,"Ingredient",8,31565,"0000-00-00",NULL,""
"nelarabine","CID000096312",19002912,2,"Ingredient",8,274771,"0000-00-00",NULL,""
"nelfinavir","CID000004451",1715472,2,"Ingredient",8,134527,"0000-00-00",NULL,""
"neomycin","CID000504578",915981,2,"Ingredient",8,7299,"0000-00-00",NULL,""
"neostigmine","CID000004456",717136,2,"Ingredient",8,7315,"0000-00-00",NULL,""
"nepafenac","CID000151075",909795,2,"Ingredient",8,298665,"0000-00-00",NULL,""
"netilmicin","CID000004460",19017585,2,"Ingredient",8,7337,"0000-00-00",NULL,""
"nevirapine","CID000004463",1769389,2,"Ingredient",8,53654,"0000-00-00",NULL,""
"nicardipine","CID000004473",1318137,2,"Ingredient",8,7396,"0000-00-00",NULL,""
"nicotine","CID000000942",718583,2,"Ingredient",8,7407,"0000-00-00",NULL,""
"nicotinic acid","CID000000937",1517824,2,"Ingredient",8,7393,"0000-00-00",NULL,""
"nifedipine","CID000004485",1318853,2,"Ingredient",8,7417,"0000-00-00",NULL,""
"nilutamide","CID000004493",1315286,2,"Ingredient",8,31805,"0000-00-00",NULL,""
"nimodipine","CID000004497",1319133,2,"Ingredient",8,7426,"0000-00-00",NULL,""
"nisoldipine","CID000004499",1319880,2,"Ingredient",8,7435,"0000-00-00",NULL,""
"nitazoxanide","CID000041684",1715315,2,"Ingredient",8,31819,"0000-00-00",NULL,""
"nitrofurantoin","CID000004509",920293,2,"Ingredient",8,7454,"0000-00-00",NULL,""
"nitroglycerin","CID000004510",1361711,2,"Ingredient",8,4917,"0000-00-00",NULL,""
"nitroprusside","CID011947681",19020994,2,"Ingredient",8,7476,"0000-00-00",NULL,""
"nizatidine","CID000004513",950696,2,"Ingredient",8,42319,"0000-00-00",NULL,""
"nonoxynol-9","CID000072385",969444,2,"Ingredient",8,53750,"0000-00-00",NULL,""
"norelgestromin","CID000062930",1518198,2,"Ingredient",8,326374,"0000-00-00",NULL,""
"norepinephrine","CID000000951",1321341,2,"Ingredient",8,7512,"0000-00-00",NULL,""
"norethindrone","CID000004536",1521369,2,"Ingredient",8,7514,"0000-00-00",NULL,""
"norfloxacin","CID000004539",1721543,2,"Ingredient",8,7517,"0000-00-00",NULL,""
"norgestimate","CID006540478",1515774,2,"Ingredient",8,31994,"0000-00-00",NULL,""
"norgestrel","CID000004542",1521592,2,"Ingredient",8,7518,"0000-00-00",NULL,""
"nortriptyline","CID000004543",721724,2,"Ingredient",8,7531,"0000-00-00",NULL,""
"nystatin","CID003468412",922570,2,"Ingredient",8,7597,"0000-00-00",NULL,""
"octreotide","CID000054374",1522957,2,"Ingredient",8,7617,"0000-00-00",NULL,""
"ofloxacin","CID000004583",923081,2,"Ingredient",8,7623,"0000-00-00",NULL,""
"olanzapine","CID000004585",785788,2,"Ingredient",8,61381,"0000-00-00",NULL,""
"olmesartan","CID000158781",40226742,2,"Ingredient",8,321064,"0000-00-00",NULL,""
"olopatadine","CID000060865",915855,2,"Ingredient",8,135391,"0000-00-00",NULL,""
"olsalazine","CID005462337",916282,2,"Ingredient",8,32385,"0000-00-00",NULL,""
"omeprazole","CID000004594",923645,2,"Ingredient",8,7646,"0000-00-00",NULL,""
"ondansetron","CID000004595",1000560,2,"Ingredient",8,26225,"0000-00-00",NULL,""
"orciprenaline","CID000004086",1123995,2,"Ingredient",8,7688,"0000-00-00",NULL,""
"orlistat","CID000004599",741530,2,"Ingredient",8,37925,"0000-00-00",NULL,""
"orphenadrine","CID000004601",724394,2,"Ingredient",8,7715,"0000-00-00",NULL,""
"oseltamivir","CID000004603",1799139,2,"Ingredient",8,260101,"0000-00-00",NULL,""
"oxacillin","CID000004607",1724703,2,"Ingredient",8,7773,"0000-00-00",NULL,""
"oxaliplatin","CID000004609",1318011,2,"Ingredient",8,32592,"0000-00-00",NULL,""
"oxandrolone","CID000005878",1524769,2,"Ingredient",8,7779,"0000-00-00",NULL,""
"oxaprozin","CID000004614",1118045,2,"Ingredient",8,32613,"0000-00-00",NULL,""
"oxazepam","CID000004616",724816,2,"Ingredient",8,7781,"0000-00-00",NULL,""
"oxcarbazepine","CID000034312",718122,2,"Ingredient",8,32624,"0000-00-00",NULL,""
"oxiconazole","CID000004623",918222,2,"Ingredient",8,32638,"0000-00-00",NULL,""
"oxybutynin","CID000004634",918906,2,"Ingredient",8,32675,"0000-00-00",NULL,""
"oxycodone","CID000004635",1124957,2,"Ingredient",8,7804,"0000-00-00",NULL,""
"oxymetazoline","CID000004636",925636,2,"Ingredient",8,7812,"0000-00-00",NULL,""
"oxymetholone","CID000004638",1525741,2,"Ingredient",8,7813,"0000-00-00",NULL,""
"oxymorphone","CID000004639",1125765,2,"Ingredient",8,7814,"0000-00-00",NULL,""
"oxyquinoline","CID000001923",906874,2,"Ingredient",8,110,"0000-00-00",NULL,""
"oxytocin","CID000005771",1326115,2,"Ingredient",8,7824,"0000-00-00",NULL,""
"paclitaxel","CID000004666",1378382,2,"Ingredient",8,56946,"0000-00-00",NULL,""
"paliperidone","CID000115237",40137339,2,"Ingredient",8,672564,"0000-00-00",NULL,"D"
"paliperidone","CID000115237",703244,2,"Ingredient",8,679314,"0000-00-00",NULL,""
"palonosetron","CID000148211",911354,2,"Ingredient",8,70561,"0000-00-00",NULL,""
"pamabrom","CID000011806",1172206,2,"Ingredient",8,54365,"0000-00-00",NULL,""
"pancuronium","CID000004675",19026674,2,"Ingredient",8,7883,"0000-00-00",NULL,""
"pantoprazole","CID000004679",948078,2,"Ingredient",8,40790,"0000-00-00",NULL,""
"papaverine","CID000004680",1326901,2,"Ingredient",8,7895,"0000-00-00",NULL,""
"paricalcitol","CID005281104",1517740,2,"Ingredient",8,73710,"0000-00-00",NULL,""
"paromomycin","CID000004689",1727443,2,"Ingredient",8,7934,"0000-00-00",NULL,""
"paroxetine","CID000004691",722031,2,"Ingredient",8,32937,"0000-00-00",NULL,""
"pemetrexed","CID000060843",1304919,2,"Ingredient",8,68446,"0000-00-00",NULL,""
"pemirolast","CID000057697",938362,2,"Ingredient",8,19551,"0000-00-00",NULL,""
"pemoline","CID000004723",727835,2,"Ingredient",8,7966,"0000-00-00",NULL,""
"penbutolol","CID000004724",1327978,2,"Ingredient",8,7973,"0000-00-00",NULL,""
"penciclovir","CID000004725",981654,2,"Ingredient",8,59839,"0000-00-00",NULL,""
"penicillamine","CID000004727",19028050,2,"Ingredient",8,7975,"0000-00-00",NULL,""
"penicillin g","CID000002349",1728416,2,"Ingredient",8,7980,"0000-00-00",NULL,""
"penicillin v","CID000004730",1729720,2,"Ingredient",8,7984,"0000-00-00",NULL,""
"pentamidine","CID000004735",1730370,2,"Ingredient",8,7994,"0000-00-00",NULL,""
"pentobarbital","CID000004737",730729,2,"Ingredient",8,8004,"0000-00-00",NULL,""
"pentosan polysulfate","CID000037720",924151,2,"Ingredient",8,155046,"0000-00-00",NULL,""
"pentostatin","CID000004739",19031224,2,"Ingredient",8,8011,"0000-00-00",NULL,""
"pentoxifylline","CID000004740",1331247,2,"Ingredient",8,8013,"0000-00-00",NULL,""
"pergolide","CID000004745",732309,2,"Ingredient",8,8047,"0000-00-00",NULL,""
"perindopril","CID000060184",1373225,2,"Ingredient",8,54552,"0000-00-00",NULL,""
"permethrin","CID000040159",922868,2,"Ingredient",8,33199,"0000-00-00",NULL,""
"perphenazine","CID000004748",733008,2,"Ingredient",8,8076,"0000-00-00",NULL,""
"phenazopyridine","CID000004756",933724,2,"Ingredient",8,8120,"0000-00-00",NULL,""
"phendimetrazine","CID000012460",723344,2,"Ingredient",8,33272,"0000-00-00",NULL,""
"phenelzine","CID000003675",733896,2,"Ingredient",8,8123,"0000-00-00",NULL,""
"pheniramine","CID000004761",933952,2,"Ingredient",8,8132,"0000-00-00",NULL,""
"phenobarbital","CID000004763",734275,2,"Ingredient",8,8134,"0000-00-00",NULL,""
"phenol","CID000000996",923540,2,"Ingredient",8,33290,"0000-00-00",NULL,""
"phenoxybenzamine","CID000004768",1335301,2,"Ingredient",8,8149,"0000-00-00",NULL,""
"phentermine","CID000004771",735340,2,"Ingredient",8,8152,"0000-00-00",NULL,""
"phentolamine","CID000005775",1335539,2,"Ingredient",8,8153,"0000-00-00",NULL,""
"phenylacetate","CID000000999",1511856,2,"Ingredient",8,70619,"0000-00-00",NULL,""
"phenylephrine","CID000004782",1135766,2,"Ingredient",8,8163,"0000-00-00",NULL,""
"phenyltoloxamine","CID000007077",1123904,2,"Ingredient",8,33408,"0000-00-00",NULL,""
"phenytoin","CID000001775",740910,2,"Ingredient",8,8183,"0000-00-00",NULL,""
"physostigmine","CID000004811",19044337,2,"Ingredient",8,8299,"0000-00-00",NULL,""
"pilocarpine","CID000004819",945286,2,"Ingredient",8,8328,"0000-00-00",NULL,""
"pimecrolimus","CID006447131",915935,2,"Ingredient",8,321952,"0000-00-00",NULL,""
"pimozide","CID000016362",745790,2,"Ingredient",8,8331,"0000-00-00",NULL,""
"pindolol","CID000004828",1345858,2,"Ingredient",8,8332,"0000-00-00",NULL,""
"pioglitazone","CID000004829",1525215,2,"Ingredient",8,33738,"0000-00-00",NULL,""
"piperacillin","CID000004834",1746114,2,"Ingredient",8,8339,"0000-00-00",NULL,""
"piroxicam","CID000004856",1146810,2,"Ingredient",8,8356,"0000-00-00",NULL,""
"pitavastatin","CID005282452",40165636,2,"Ingredient",8,861634,"0000-00-00",NULL,""
"podophyllin","CID011979494",947651,2,"Ingredient",8,8462,"0000-00-00",NULL,""
"podophyllotoxin","CID000004865",947705,2,"Ingredient",8,8463,"0000-00-00",NULL,""
"polyvinyl alcohol","CID000011199",948856,2,"Ingredient",8,8570,"0000-00-00",NULL,""
"posaconazole","CID000147912",1704139,2,"Ingredient",8,282446,"0000-00-00",NULL,""
"potassium acetate","CID000031371",19076414,2,"Ingredient",8,54987,"0000-00-00",NULL,""
"potassium bicarbonate","CID000011430",19027080,2,"Ingredient",8,34296,"0000-00-00",NULL,""
"potassium chloride","CID000004873",19049105,2,"Ingredient",8,8591,"0000-00-00",NULL,""
"potassium citrate","CID000013344",976545,2,"Ingredient",8,54993,"0000-00-00",NULL,""
"potassium iodide","CID000004875",19049909,2,"Ingredient",8,8597,"0000-00-00",NULL,""
"potassium phosphate","CID000024450",19027362,2,"Ingredient",8,34322,"0000-00-00",NULL,""
"povidone-iodine","CID000410087",1750087,2,"Ingredient",8,8611,"0000-00-00",NULL,""
"pralidoxime","CID005353894",1727468,2,"Ingredient",8,34345,"0000-00-00",NULL,""
"pramipexole","CID000004885",720810,2,"Ingredient",8,746741,"0000-00-00",NULL,""
"pramocaine","CID000004886",927478,2,"Ingredient",8,34347,"0000-00-00",NULL,""
"prasugrel","CID006918456",40163718,2,"Ingredient",8,613391,"0000-00-00",NULL,""
"pravastatin","CID000004889",1551860,2,"Ingredient",8,42463,"0000-00-00",NULL,""
"praziquantel","CID000004891",1750461,2,"Ingredient",8,8628,"0000-00-00",NULL,""
"prazosin","CID000004893",1350489,2,"Ingredient",8,8629,"0000-00-00",NULL,""
"prednicarbate","CID000052421",928110,2,"Ingredient",8,34369,"0000-00-00",NULL,""
"prednisolone","CID000004894",1550557,2,"Ingredient",8,8638,"0000-00-00",NULL,""
"prednisone","CID000004900",1551099,2,"Ingredient",8,8640,"0000-00-00",NULL,""
"prilocaine","CID000004906",951279,2,"Ingredient",8,8686,"0000-00-00",NULL,""
"primaquine","CID000004908",1751310,2,"Ingredient",8,8687,"0000-00-00",NULL,""
"primidone","CID000004909",751347,2,"Ingredient",8,8691,"0000-00-00",NULL,""
"probenecid","CID000004911",1151422,2,"Ingredient",8,8698,"0000-00-00",NULL,""
"procainamide","CID000004913",1351461,2,"Ingredient",8,8700,"0000-00-00",NULL,""
"procarbazine","CID000004915",1351779,2,"Ingredient",8,8702,"0000-00-00",NULL,""
"prochlorperazine","CID000004917",752061,2,"Ingredient",8,8704,"0000-00-00",NULL,""
"procyclidine","CID000004919",752276,2,"Ingredient",8,8718,"0000-00-00",NULL,""
"progesterone","CID000004920",1552310,2,"Ingredient",8,8727,"0000-00-00",NULL,""
"promethazine","CID000004927",1153013,2,"Ingredient",8,8745,"0000-00-00",NULL,""
"propafenone","CID000004932",1353256,2,"Ingredient",8,8754,"0000-00-00",NULL,""
"propantheline","CID000004934",953391,2,"Ingredient",8,8761,"0000-00-00",NULL,""
"propofol","CID000004943",753626,2,"Ingredient",8,8782,"0000-00-00",NULL,""
"propoxyphene","CID000010100",1153664,2,"Ingredient",8,8785,"0000-00-00",NULL,""
"propranolol","CID000004946",1353766,2,"Ingredient",8,8787,"0000-00-00",NULL,""
"propylthiouracil","CID000657298",1554072,2,"Ingredient",8,8794,"0000-00-00",NULL,""
"protriptyline","CID000004976",754270,2,"Ingredient",8,8886,"0000-00-00",NULL,""
"proxymetacaine","CID000004935",929504,2,"Ingredient",8,34905,"0000-00-00",NULL,""
"pseudoephedrine","CID000005032",1154332,2,"Ingredient",8,8896,"0000-00-00",NULL,""
"pseudoephedrine","CID000005032",40078120,0,"Clinical Drug Component",8,483556,"0000-00-00",NULL,"D"
"pyrazinamide","CID000001046",1759455,2,"Ingredient",8,8987,"0000-00-00",NULL,""
"pyridostigmine","CID000004991",759740,2,"Ingredient",8,9000,"0000-00-00",NULL,""
"pyrilamine","CID000004992",1159811,2,"Ingredient",8,9009,"0000-00-00",NULL,""
"pyrimethamine","CID000004993",1760039,2,"Ingredient",8,9010,"0000-00-00",NULL,""
"quetiapine","CID000005002",766814,2,"Ingredient",8,51272,"0000-00-00",NULL,""
"quinapril","CID000005005",1331235,2,"Ingredient",8,35208,"0000-00-00",NULL,""
"quinidine","CID000001065",1360421,2,"Ingredient",8,9068,"0000-00-00",NULL,""
"quinine","CID000001065",1760616,2,"Ingredient",8,9071,"0000-00-00",NULL,""
"quinupristin","CID011953896",1789515,2,"Ingredient",8,229367,"0000-00-00",NULL,""
"rabeprazole","CID000005029",40077074,2,"Ingredient",8,477402,"0000-00-00",NULL,"D"
"rabeprazole","CID000005029",911735,2,"Ingredient",8,114979,"0000-00-00",NULL,""
"racepinephrine","CID000000838",1300153,2,"Ingredient",8,66887,"0000-00-00",NULL,""
"raloxifene","CID000005035",1513103,2,"Ingredient",8,72143,"0000-00-00",NULL,""
"ramelteon","CID000208902",781182,2,"Ingredient",8,596205,"0000-00-00",NULL,""
"ramelteon","CID000208902",40127006,2,"Ingredient",8,577295,"0000-00-00",NULL,"D"
"ramipril","CID000005038",1334456,2,"Ingredient",8,35296,"0000-00-00",NULL,""
"ranitidine","CID000005039",961047,2,"Ingredient",8,9143,"0000-00-00",NULL,""
"ranolazine","CID000056959",1337107,2,"Ingredient",8,35829,"0000-00-00",NULL,""
"rapacuronium","CID000177970",19100368,2,"Ingredient",8,262100,"0000-00-00",NULL,""
"rasagiline","CID000122316",715710,2,"Ingredient",8,134748,"0000-00-00",NULL,""
"remifentanil","CID000060815",19016749,2,"Ingredient",8,73032,"0000-00-00",NULL,""
"repaglinide","CID000004547",1516766,2,"Ingredient",8,73044,"0000-00-00",NULL,""
"retapamulin","CID006918462",991003,2,"Ingredient",8,642274,"0000-00-00",NULL,""
"ribavirin","CID000005064",1762711,2,"Ingredient",8,9344,"0000-00-00",NULL,""
"riboflavin","CID000001072",19062817,2,"Ingredient",8,9346,"0000-00-00",NULL,""
"rifabutin","CID005361912",1777417,2,"Ingredient",8,55672,"0000-00-00",NULL,""
"rifampin","CID005381226",1763204,2,"Ingredient",8,9384,"0000-00-00",NULL,""
"rifapentine","CID006323497",19035953,2,"Ingredient",8,35617,"0000-00-00",NULL,""
"rifaximin","CID006436173",1735947,2,"Ingredient",8,35619,"0000-00-00",NULL,""
"rilpivirine","CID005270790",40238930,2,"Ingredient",8,1102270,"0000-00-00",NULL,""
"riluzole","CID000005070",735951,2,"Ingredient",8,35623,"0000-00-00",NULL,""
"rimantadine","CID000005071",1763339,2,"Ingredient",8,9386,"0000-00-00",NULL,""
"risedronate","CID000005245",1516800,2,"Ingredient",8,73056,"0000-00-00",NULL,""
"risperidone","CID000005073",735979,2,"Ingredient",8,35636,"0000-00-00",NULL,""
"ritonavir","CID000005076",1748921,2,"Ingredient",8,85762,"0000-00-00",NULL,""
"rivaroxaban","CID006433119",40241331,2,"Ingredient",8,1114195,"0000-00-00",NULL,""
"rivastigmine","CID000005077",733523,2,"Ingredient",8,183379,"0000-00-00",NULL,""
"rizatriptan","CID000005078",1154077,2,"Ingredient",8,88014,"0000-00-00",NULL,""
"rocuronium","CID000060696",19003953,2,"Ingredient",8,68139,"0000-00-00",NULL,""
"rofecoxib","CID000005090",1189754,2,"Ingredient",8,232158,"0000-00-00",NULL,""
"roflumilast","CID000449193",40236897,2,"Ingredient",8,1091836,"0000-00-00",NULL,""
"romidepsin","CID000003425",40168385,2,"Ingredient",8,877510,"0000-00-00",NULL,""
"ropinirole","CID000005095",713823,2,"Ingredient",8,72302,"0000-00-00",NULL,""
"ropivacaine","CID000071273",1136487,2,"Ingredient",8,35780,"0000-00-00",NULL,""
"rosiglitazone","CID000077999",1547504,2,"Ingredient",8,84108,"0000-00-00",NULL,""
"rosuvastatin","CID004475485",1510813,2,"Ingredient",8,301542,"0000-00-00",NULL,""
"rotigotine","CID000057537",786426,2,"Ingredient",8,616739,"0000-00-00",NULL,""
"rufinamide","CID000129228",19006586,2,"Ingredient",8,69036,"0000-00-00",NULL,""
"salicylic acid","CID000000338",964407,2,"Ingredient",8,9525,"0000-00-00",NULL,""
"salicylsalicylic acid","CID000005161",1137460,2,"Ingredient",8,36108,"0000-00-00",NULL,""
"salmeterol","CID000005152",1137529,2,"Ingredient",8,36117,"0000-00-00",NULL,""
"salol","CID000008361",937712,2,"Ingredient",8,36122,"0000-00-00",NULL,""
"sapropterin","CID000001125",19021959,2,"Ingredient",8,753340,"0000-00-00",NULL,""
"saquinavir","CID000060787",1746244,2,"Ingredient",8,83395,"0000-00-00",NULL,""
"saxagliptin","CID006451162",40166035,2,"Ingredient",8,857974,"0000-00-00",NULL,""
"scopolamine","CID000005184",965748,2,"Ingredient",8,9601,"0000-00-00",NULL,""
"secobarbital","CID000005193",766067,2,"Ingredient",8,9624,"0000-00-00",NULL,""
"selegiline","CID000005195",766209,2,"Ingredient",8,9639,"0000-00-00",NULL,""
"selenium disulfide","CID000024087",938061,2,"Ingredient",8,36345,"0000-00-00",NULL,""
"sennosides","CID000005199",938268,2,"Ingredient",8,36387,"0000-00-00",NULL,""
"sertaconazole","CID000065863",939134,2,"Ingredient",8,36435,"0000-00-00",NULL,""
"sertraline","CID000005203",739138,2,"Ingredient",8,36437,"0000-00-00",NULL,""
"sevelamer","CID003085017",952004,2,"Ingredient",8,214824,"0000-00-00",NULL,""
"sibutramine","CID000005210",739363,2,"Ingredient",8,36514,"0000-00-00",NULL,""
"sildenafil","CID000005212",1316262,2,"Ingredient",8,136411,"0000-00-00",NULL,""
"silodosin","CID005312125",19012925,2,"Ingredient",8,720825,"0000-00-00",NULL,""
"silver nitrate","CID000024470",966913,2,"Ingredient",8,9789,"0000-00-00",NULL,""
"silver sulfadiazine","CID000438204",966956,2,"Ingredient",8,9793,"0000-00-00",NULL,""
"simethicone","CID000024705",966991,2,"Ingredient",8,9796,"0000-00-00",NULL,""
"simvastatin","CID000054454",1539403,2,"Ingredient",8,36567,"0000-00-00",NULL,""
"sincalide","CID000032800",19067803,2,"Ingredient",8,9800,"0000-00-00",NULL,""
"sirolimus","CID000005040",19034726,2,"Ingredient",8,35302,"0000-00-00",NULL,""
"sitagliptin","CID004369359",1580747,2,"Ingredient",8,593411,"0000-00-00",NULL,""
"sodium acetate","CID000022507",19077884,2,"Ingredient",8,56443,"0000-00-00",NULL,""
"sodium bicarbonate","CID000008953",939506,2,"Ingredient",8,36676,"0000-00-00",NULL,""
"sodium chloride","CID000005234",967823,2,"Ingredient",8,9863,"0000-00-00",NULL,""
"sodium citrate","CID000006224",977968,2,"Ingredient",8,56466,"0000-00-00",NULL,""
"sodium fluoride","CID000005235",19069022,2,"Ingredient",8,9873,"0000-00-00",NULL,""
"sodium hypochlorite","CID000024340",1769774,2,"Ingredient",8,9881,"0000-00-00",NULL,""
"sodium nitrite","CID000024529",19069907,2,"Ingredient",8,9894,"0000-00-00",NULL,""
"sodium oxybate","CID000010413",769935,2,"Ingredient",8,9899,"0000-00-00",NULL,""
"sodium phosphate","CID000001003",939871,2,"Ingredient",8,36709,"0000-00-00",NULL,""
"sodium phosphate, monobasic","CID000061456",990499,2,"Ingredient",8,235496,"0000-00-00",NULL,""
"sodium sulfate","CID000024436",939976,2,"Ingredient",8,36721,"0000-00-00",NULL,""
"sodium tetradecyl sulfate","CID000005248",19070012,2,"Ingredient",8,9913,"0000-00-00",NULL,""
"sodium thiosulfate","CID000061475",940004,2,"Ingredient",8,36726,"0000-00-00",NULL,""
"sorafenib","CID000216239",1363387,2,"Ingredient",8,495881,"0000-00-00",NULL,""
"sorbitol","CID000000453",970011,2,"Ingredient",8,9945,"0000-00-00",NULL,""
"sotalol","CID000005253",1370109,2,"Ingredient",8,9947,"0000-00-00",NULL,""
"spectinomycin","CID000002021",1701651,2,"Ingredient",8,270,"0000-00-00",NULL,""
"spinosad","CID000091782",40172543,2,"Ingredient",8,299081,"0000-00-00",NULL,""
"spironolactone","CID000005267",970250,2,"Ingredient",8,9997,"0000-00-00",NULL,""
"stanozolol","CID000005277",1636145,2,"Ingredient",8,10032,"0000-00-00",NULL,""
"stavudine","CID000005155",1781406,2,"Ingredient",8,59763,"0000-00-00",NULL,""
"streptomycin","CID000005297",1836191,2,"Ingredient",8,10109,"0000-00-00",NULL,""
"streptozocin","CID000005300",19136210,2,"Ingredient",8,10114,"0000-00-00",NULL,""
"succimer","CID000009354",1728909,2,"Ingredient",8,3446,"0000-00-00",NULL,""
"succinic acid","CID000001110",1340532,2,"Ingredient",8,37255,"0000-00-00",NULL,""
"succinylcholine","CID000005314",836208,2,"Ingredient",8,10154,"0000-00-00",NULL,""
"sucralfate","CID006398525",1036228,2,"Ingredient",8,10156,"0000-00-00",NULL,""
"sufentanil","CID000041693",19078219,2,"Ingredient",8,56795,"0000-00-00",NULL,""
"sulbactam","CID000005316",1836241,2,"Ingredient",8,10167,"0000-00-00",NULL,""
"sulconazole","CID000005318",940535,2,"Ingredient",8,37319,"0000-00-00",NULL,""
"sulfacetamide","CID000005320",1036252,2,"Ingredient",8,10169,"0000-00-00",NULL,""
"sulfadiazine","CID000005215",1836391,2,"Ingredient",8,10171,"0000-00-00",NULL,""
"sulfadoxine","CID000017134",1836410,2,"Ingredient",8,10173,"0000-00-00",NULL,""
"sulfamethoxazole","CID011953892",1836430,2,"Ingredient",8,10180,"0000-00-00",NULL,""
"sulfasalazine","CID005353980",964339,2,"Ingredient",8,9524,"0000-00-00",NULL,""
"sulfisoxazole","CID000005344",1836503,2,"Ingredient",8,10207,"0000-00-00",NULL,""
"sulfur","CID000000402",1036525,2,"Ingredient",8,10223,"0000-00-00",NULL,""
"sulindac","CID000005352",1236607,2,"Ingredient",8,10237,"0000-00-00",NULL,""
"sumatriptan","CID000005358",1140643,2,"Ingredient",8,37418,"0000-00-00",NULL,""
"sunitinib","CID005329102",1336539,2,"Ingredient",8,357977,"0000-00-00",NULL,""
"sunitinib","CID005329102",40130905,2,"Ingredient",8,616276,"0000-00-00",NULL,"D"
"tacrine","CID000001935",836654,2,"Ingredient",8,10318,"0000-00-00",NULL,""
"tacrolimus","CID000005372",950637,2,"Ingredient",8,42316,"0000-00-00",NULL,""
"tadalafil","CID000110635",1336926,2,"Ingredient",8,358263,"0000-00-00",NULL,""
"talc","CID000026924",1036667,2,"Ingredient",8,10323,"0000-00-00",NULL,""
"tamoxifen","CID000005376",1436678,2,"Ingredient",8,10324,"0000-00-00",NULL,""
"tamsulosin","CID000060147",924566,2,"Ingredient",8,77492,"0000-00-00",NULL,""
"tazarotene","CID000005381",947416,2,"Ingredient",8,83947,"0000-00-00",NULL,""
"tazobactam","CID000004836",1741122,2,"Ingredient",8,37617,"0000-00-00",NULL,""
"tegaserod","CID005487301",916943,2,"Ingredient",8,139778,"0000-00-00",NULL,""
"telmisartan","CID000065999",1317640,2,"Ingredient",8,73494,"0000-00-00",NULL,""
"temazepam","CID000005391",836715,2,"Ingredient",8,10355,"0000-00-00",NULL,""
"temozolomide","CID000005394",1341149,2,"Ingredient",8,37776,"0000-00-00",NULL,""
"tenofovir disoproxil","CID005481350",1710281,2,"Ingredient",8,300195,"0000-00-00",NULL,""
"terazosine","CID000005401",1341238,2,"Ingredient",8,37798,"0000-00-00",NULL,""
"terbinafine","CID000005402",1741309,2,"Ingredient",8,37801,"0000-00-00",NULL,""
"terbutaline","CID000005403",1236744,2,"Ingredient",8,10368,"0000-00-00",NULL,""
"terconazole","CID000005404",941472,2,"Ingredient",8,37806,"0000-00-00",NULL,""
"testosterone","CID000005408",1636780,2,"Ingredient",8,10379,"0000-00-00",NULL,""
"tetrabenazine","CID000006018",836877,2,"Ingredient",8,10390,"0000-00-00",NULL,""
"tetracaine","CID000005411",1036884,2,"Ingredient",8,10391,"0000-00-00",NULL,""
"tetracycline","CID000005412",1836948,2,"Ingredient",8,10395,"0000-00-00",NULL,""
"tetrahydrocannabinol","CID000002978",1037005,2,"Ingredient",8,10402,"0000-00-00",NULL,""
"tetrahydrozoline","CID000005419",941577,2,"Ingredient",8,37935,"0000-00-00",NULL,""
"thalidomide","CID000005426",19137042,2,"Ingredient",8,10432,"0000-00-00",NULL,""
"theophylline","CID000002153",1237049,2,"Ingredient",8,10438,"0000-00-00",NULL,""
"thiabendazole","CID000005430",1837289,2,"Ingredient",8,10450,"0000-00-00",NULL,""
"thiamine","CID000001130",19137312,2,"Ingredient",8,10454,"0000-00-00",NULL,""
"thioguanine","CID002723601",1437379,2,"Ingredient",8,10485,"0000-00-00",NULL,""
"thiopental","CID003000715",700253,2,"Ingredient",8,10493,"0000-00-00",NULL,""
"thioridazine","CID000005452",700299,2,"Ingredient",8,10502,"0000-00-00",NULL,""
"thiotepa","CID000005453",19137385,2,"Ingredient",8,10473,"0000-00-00",NULL,""
"thiothixene","CID000005454",700465,2,"Ingredient",8,10510,"0000-00-00",NULL,""
"thyrotropin-releasing hormone","CID000032281",19001701,2,"Ingredient",8,10580,"0000-00-00",NULL,""
"thyroxine","CID000000853",1501700,2,"Ingredient",8,10582,"0000-00-00",NULL,""
"tiagabine","CID000005466",715458,2,"Ingredient",8,31914,"0000-00-00",NULL,""
"ticarcillin","CID000005471",1702364,2,"Ingredient",8,10591,"0000-00-00",NULL,""
"ticlopidine","CID000005472",1302398,2,"Ingredient",8,10594,"0000-00-00",NULL,""
"tigecycline","CID005282044",1742432,2,"Ingredient",8,384455,"0000-00-00",NULL,""
"timolol","CID000005478",902427,2,"Ingredient",8,10600,"0000-00-00",NULL,""
"tinidazole","CID000005479",1702559,2,"Ingredient",8,10612,"0000-00-00",NULL,""
"tioconazole","CID000005482",942028,2,"Ingredient",8,38298,"0000-00-00",NULL,""
"tiotropium","CID000060831",1106776,2,"Ingredient",8,69120,"0000-00-00",NULL,""
"tipranavir","CID000065027",1736999,2,"Ingredient",8,190548,"0000-00-00",NULL,""
"tirofiban","CID000005486",19017067,2,"Ingredient",8,73137,"0000-00-00",NULL,""
"tizanidine","CID000005487",778474,2,"Ingredient",8,57258,"0000-00-00",NULL,""
"tobramycin","CID000005496",902722,2,"Ingredient",8,10627,"0000-00-00",NULL,""
"tocainide","CID000038945",1351447,2,"Ingredient",8,42359,"0000-00-00",NULL,""
"tolazamide","CID000005503",1502809,2,"Ingredient",8,10633,"0000-00-00",NULL,""
"tolazoline","CID000005504",19002829,2,"Ingredient",8,10634,"0000-00-00",NULL,""
"tolmetin","CID000005508",1102917,2,"Ingredient",8,10636,"0000-00-00",NULL,""
"tolnaftate","CID000005510",902950,2,"Ingredient",8,10637,"0000-00-00",NULL,""
"tolterodine","CID000005512",913782,2,"Ingredient",8,119565,"0000-00-00",NULL,""
"tolvaptan","CID000216237",19036797,2,"Ingredient",8,358257,"0000-00-00",NULL,""
"tomoxetine","CID000054841",742185,2,"Ingredient",8,38400,"0000-00-00",NULL,""
"topiramate","CID000005514",742267,2,"Ingredient",8,38404,"0000-00-00",NULL,""
"topotecan","CID000005515",1378509,2,"Ingredient",8,57308,"0000-00-00",NULL,""
"toremifene","CID000005516",1342346,2,"Ingredient",8,38409,"0000-00-00",NULL,""
"torsemide","CID000041781",942350,2,"Ingredient",8,38413,"0000-00-00",NULL,""
"tramadol","CID000005523",1103314,2,"Ingredient",8,10689,"0000-00-00",NULL,""
"trandolapril","CID000005525",1342439,2,"Ingredient",8,38454,"0000-00-00",NULL,""
"tranexamic acid","CID000005526",1303425,2,"Ingredient",8,10691,"0000-00-00",NULL,""
"tranylcypromine","CID000005530",703470,2,"Ingredient",8,10734,"0000-00-00",NULL,""
"travoprost","CID005282226",904501,2,"Ingredient",8,283809,"0000-00-00",NULL,""
"trazodone","CID000005533",703547,2,"Ingredient",8,10737,"0000-00-00",NULL,""
"treprostinil","CID000054786",1327256,2,"Ingredient",8,343048,"0000-00-00",NULL,""
"tretinoin","CID000005538",903643,2,"Ingredient",8,10753,"0000-00-00",NULL,""
"triamcinolone","CID000005544",903963,2,"Ingredient",8,10759,"0000-00-00",NULL,""
"triamterene","CID000005546",904542,2,"Ingredient",8,10763,"0000-00-00",NULL,""
"triazolam","CID000005556",704599,2,"Ingredient",8,10767,"0000-00-00",NULL,""
"trichloroacetaldehyde","CID000006407",742594,2,"Ingredient",8,38574,"0000-00-00",NULL,""
"trichloroacetate","CID000006421",987009,2,"Ingredient",8,618564,"0000-00-00",NULL,""
"triclosan","CID000005564",1704758,2,"Ingredient",8,10795,"0000-00-00",NULL,""
"trifluoperazine","CID000005566",704984,2,"Ingredient",8,10800,"0000-00-00",NULL,""
"trifluridine","CID000006256",905078,2,"Ingredient",8,10803,"0000-00-00",NULL,""
"trihexyphenidyl","CID000005572",705178,2,"Ingredient",8,10811,"0000-00-00",NULL,""
"triiodothyronine","CID000000861",1505346,2,"Ingredient",8,10814,"0000-00-00",NULL,""
"trimethobenzamide","CID000005577",942799,2,"Ingredient",8,38685,"0000-00-00",NULL,""
"trimethoprim","CID000005578",1705674,2,"Ingredient",8,10829,"0000-00-00",NULL,""
"trimetrexate","CID000005582",1750928,2,"Ingredient",8,42333,"0000-00-00",NULL,""
"trimipramine","CID000005584",705755,2,"Ingredient",8,10834,"0000-00-00",NULL,""
"triprolidine","CID000005588",1105889,2,"Ingredient",8,10849,"0000-00-00",NULL,""
"trolamine salicylate","CID003032554",943116,2,"Ingredient",8,38866,"0000-00-00",NULL,""
"tromethamine","CID000006503",19006047,2,"Ingredient",8,10865,"0000-00-00",NULL,""
"tropicamide","CID000005593",906072,2,"Ingredient",8,10869,"0000-00-00",NULL,""
"tubocurarine","CID000001210",706644,2,"Ingredient",8,10917,"0000-00-00",NULL,""
"urea","CID000001176",906914,2,"Ingredient",8,11002,"0000-00-00",NULL,""
"valacyclovir","CID000005647",1717704,2,"Ingredient",8,73645,"0000-00-00",NULL,""
"valdecoxib","CID000119607",1103374,2,"Ingredient",8,278567,"0000-00-00",NULL,""
"valganciclovir","CID000064147",1703063,2,"Ingredient",8,275891,"0000-00-00",NULL,""
"valproate","CID000003121",745466,2,"Ingredient",8,40254,"0000-00-00",NULL,""
"valsartan","CID000005650",1308842,2,"Ingredient",8,69749,"0000-00-00",NULL,""
"vancomycin","CID000005651",1707687,2,"Ingredient",8,11124,"0000-00-00",NULL,""
"vardenafil","CID000110634",1311276,2,"Ingredient",8,306674,"0000-00-00",NULL,""
"varenicline","CID000170361",780442,2,"Ingredient",8,591622,"0000-00-00",NULL,""
"vecuronium","CID000039765",19012598,2,"Ingredient",8,71535,"0000-00-00",NULL,""
"venlafaxine","CID000005656",743670,2,"Ingredient",8,39786,"0000-00-00",NULL,""
"verapamil","CID000002520",1307863,2,"Ingredient",8,11170,"0000-00-00",NULL,""
"vidarabine","CID000000191",908126,2,"Ingredient",8,11194,"0000-00-00",NULL,""
"vigabatrin","CID000005665",19020002,2,"Ingredient",8,14851,"0000-00-00",NULL,""
"vinblastine","CID000013342",19008264,2,"Ingredient",8,11198,"0000-00-00",NULL,""
"vincristine","CID000005978",1308290,2,"Ingredient",8,11202,"0000-00-00",NULL,""
"vinorelbine","CID000005672",1343346,2,"Ingredient",8,39541,"0000-00-00",NULL,""
"vitamin a","CID000001071",19008339,2,"Ingredient",8,11246,"0000-00-00",NULL,""
"vitamin b 12","CID000002831",1308738,2,"Ingredient",8,11248,"0000-00-00",NULL,""
"vitamin b6","CID000001054",1353228,2,"Ingredient",8,42954,"0000-00-00",NULL,""
"vitamin d","CID000003249",19009405,2,"Ingredient",8,11253,"0000-00-00",NULL,""
"vitamin d2","CID000003249",19045045,2,"Ingredient",8,4018,"0000-00-00",NULL,""
"vitamin e","CID000002116",19009540,2,"Ingredient",8,11256,"0000-00-00",NULL,""
"voriconazole","CID000071616",1714277,2,"Ingredient",8,121243,"0000-00-00",NULL,""
"vorinostat","CID000005311",40136593,2,"Ingredient",8,668576,"0000-00-00",NULL,"D"
"vorinostat","CID000005311",1337651,2,"Ingredient",8,194337,"0000-00-00",NULL,""
"warfarin","CID000006691",1310149,2,"Ingredient",8,11289,"0000-00-00",NULL,""
"water","CID000000961",19010309,2,"Ingredient",8,11295,"0000-00-00",NULL,""
"xylometazoline","CID000005709",943852,2,"Ingredient",8,39841,"0000-00-00",NULL,""
"xylose","CID000000229",19010499,2,"Ingredient",8,11378,"0000-00-00",NULL,""
"zafirlukast","CID000005717",1111706,2,"Ingredient",8,114970,"0000-00-00",NULL,""
"zalcitabine","CID000005718",1724827,2,"Ingredient",8,3363,"0000-00-00",NULL,""
"zaleplon","CID000005719",720727,2,"Ingredient",8,74667,"0000-00-00",NULL,""
"zanamivir","CID000005721",1708748,2,"Ingredient",8,69722,"0000-00-00",NULL,""
"zidovudine","CID000005726",1710612,2,"Ingredient",8,11413,"0000-00-00",NULL,""
"zileuton","CID000060490",1147878,2,"Ingredient",8,40575,"0000-00-00",NULL,""
"zinc acetate","CID000000175",979096,2,"Ingredient",8,58295,"0000-00-00",NULL,""
"zinc chloride","CID000005727",19044317,2,"Ingredient",8,39937,"0000-00-00",NULL,""
"zinc gluconate","CID000020543",19079204,2,"Ingredient",8,58300,"0000-00-00",NULL,""
"zinc oxide","CID000014806",911064,2,"Ingredient",8,11423,"0000-00-00",NULL,""
"zinc pyrithione","CID000026041",944360,2,"Ingredient",8,39952,"0000-00-00",NULL,""
"zinc sulfate","CID000062639",19044522,2,"Ingredient",8,39954,"0000-00-00",NULL,""
"ziprasidone","CID000060854",712615,2,"Ingredient",8,115698,"0000-00-00",NULL,""
"zoledronic acid","CID000068740",1524674,2,"Ingredient",8,77655,"0000-00-00",NULL,""
"zolmitriptan","CID000005731",1116031,2,"Ingredient",8,135775,"0000-00-00",NULL,""
"zolpidem","CID000005732",744740,2,"Ingredient",8,39993,"0000-00-00",NULL,""
"zonisamide","CID000005734",744798,2,"Ingredient",8,39998,"0000-00-00",NULL,""
